accession,title,journal,link
FJ571074,Detection of diverse astroviruses from bats in China,"J. Gen. Virol. 90 (PT 4), 883-887 (2009)",https://pubmed.ncbi.nlm.nih.gov/19264622/
FJ571073,Detection of diverse astroviruses from bats in China,"J. Gen. Virol. 90 (PT 4), 883-887 (2009)",https://pubmed.ncbi.nlm.nih.gov/19264622/
FJ571072,Detection of diverse astroviruses from bats in China,"J. Gen. Virol. 90 (PT 4), 883-887 (2009)",https://pubmed.ncbi.nlm.nih.gov/19264622/
FJ571071,Detection of diverse astroviruses from bats in China,"J. Gen. Virol. 90 (PT 4), 883-887 (2009)",https://pubmed.ncbi.nlm.nih.gov/19264622/
FJ571070,Detection of diverse astroviruses from bats in China,"J. Gen. Virol. 90 (PT 4), 883-887 (2009)",https://pubmed.ncbi.nlm.nih.gov/19264622/
FJ571069,Detection of diverse astroviruses from bats in China,"J. Gen. Virol. 90 (PT 4), 883-887 (2009)",https://pubmed.ncbi.nlm.nih.gov/19264622/
FJ571068,Detection of diverse astroviruses from bats in China,"J. Gen. Virol. 90 (PT 4), 883-887 (2009)",https://pubmed.ncbi.nlm.nih.gov/19264622/
FJ571067,Detection of diverse astroviruses from bats in China,"J. Gen. Virol. 90 (PT 4), 883-887 (2009)",https://pubmed.ncbi.nlm.nih.gov/19264622/
FJ571066,Detection of diverse astroviruses from bats in China,"J. Gen. Virol. 90 (PT 4), 883-887 (2009)",https://pubmed.ncbi.nlm.nih.gov/19264622/
FJ571065,Detection of diverse astroviruses from bats in China,"J. Gen. Virol. 90 (PT 4), 883-887 (2009)",https://pubmed.ncbi.nlm.nih.gov/19264622/
PP711884,"Substantial viral diversity in bats and rodents from East Africa: insights into evolution, recombination, and cocirculation","Microbiome 12 (1), 72 (2024)",https://pubmed.ncbi.nlm.nih.gov/38600530/
PP711882,"Substantial viral diversity in bats and rodents from East Africa: insights into evolution, recombination, and cocirculation","Microbiome 12 (1), 72 (2024)",https://pubmed.ncbi.nlm.nih.gov/38600530/
PP711881,"Substantial viral diversity in bats and rodents from East Africa: insights into evolution, recombination, and cocirculation","Microbiome 12 (1), 72 (2024)",https://pubmed.ncbi.nlm.nih.gov/38600530/
PP711880,"Substantial viral diversity in bats and rodents from East Africa: insights into evolution, recombination, and cocirculation","Microbiome 12 (1), 72 (2024)",https://pubmed.ncbi.nlm.nih.gov/38600530/
PP711879,"Substantial viral diversity in bats and rodents from East Africa: insights into evolution, recombination, and cocirculation","Microbiome 12 (1), 72 (2024)",https://pubmed.ncbi.nlm.nih.gov/38600530/
PP711878,"Substantial viral diversity in bats and rodents from East Africa: insights into evolution, recombination, and cocirculation","Microbiome 12 (1), 72 (2024)",https://pubmed.ncbi.nlm.nih.gov/38600530/
PP711877,"Substantial viral diversity in bats and rodents from East Africa: insights into evolution, recombination, and cocirculation","Microbiome 12 (1), 72 (2024)",https://pubmed.ncbi.nlm.nih.gov/38600530/
PP711876,"Substantial viral diversity in bats and rodents from East Africa: insights into evolution, recombination, and cocirculation","Microbiome 12 (1), 72 (2024)",https://pubmed.ncbi.nlm.nih.gov/38600530/
PP711875,"Substantial viral diversity in bats and rodents from East Africa: insights into evolution, recombination, and cocirculation","Microbiome 12 (1), 72 (2024)",https://pubmed.ncbi.nlm.nih.gov/38600530/
PP711874,"Substantial viral diversity in bats and rodents from East Africa: insights into evolution, recombination, and cocirculation","Microbiome 12 (1), 72 (2024)",https://pubmed.ncbi.nlm.nih.gov/38600530/
PP711873,"Substantial viral diversity in bats and rodents from East Africa: insights into evolution, recombination, and cocirculation","Microbiome 12 (1), 72 (2024)",https://pubmed.ncbi.nlm.nih.gov/38600530/
PP711872,"Substantial viral diversity in bats and rodents from East Africa: insights into evolution, recombination, and cocirculation","Microbiome 12 (1), 72 (2024)",https://pubmed.ncbi.nlm.nih.gov/38600530/
PP711871,"Substantial viral diversity in bats and rodents from East Africa: insights into evolution, recombination, and cocirculation","Microbiome 12 (1), 72 (2024)",https://pubmed.ncbi.nlm.nih.gov/38600530/
PP711870,"Substantial viral diversity in bats and rodents from East Africa: insights into evolution, recombination, and cocirculation","Microbiome 12 (1), 72 (2024)",https://pubmed.ncbi.nlm.nih.gov/38600530/
PP711868,"Substantial viral diversity in bats and rodents from East Africa: insights into evolution, recombination, and cocirculation","Microbiome 12 (1), 72 (2024)",https://pubmed.ncbi.nlm.nih.gov/38600530/
PP711867,"Substantial viral diversity in bats and rodents from East Africa: insights into evolution, recombination, and cocirculation","Microbiome 12 (1), 72 (2024)",https://pubmed.ncbi.nlm.nih.gov/38600530/
PP711865,"Substantial viral diversity in bats and rodents from East Africa: insights into evolution, recombination, and cocirculation","Microbiome 12 (1), 72 (2024)",https://pubmed.ncbi.nlm.nih.gov/38600530/
PP711864,"Substantial viral diversity in bats and rodents from East Africa: insights into evolution, recombination, and cocirculation","Microbiome 12 (1), 72 (2024)",https://pubmed.ncbi.nlm.nih.gov/38600530/
PP711863,"Substantial viral diversity in bats and rodents from East Africa: insights into evolution, recombination, and cocirculation","Microbiome 12 (1), 72 (2024)",https://pubmed.ncbi.nlm.nih.gov/38600530/
PP711861,"Substantial viral diversity in bats and rodents from East Africa: insights into evolution, recombination, and cocirculation","Microbiome 12 (1), 72 (2024)",https://pubmed.ncbi.nlm.nih.gov/38600530/
PP711855,"Substantial viral diversity in bats and rodents from East Africa: insights into evolution, recombination, and cocirculation","Microbiome 12 (1), 72 (2024)",https://pubmed.ncbi.nlm.nih.gov/38600530/
PP711854,"Substantial viral diversity in bats and rodents from East Africa: insights into evolution, recombination, and cocirculation","Microbiome 12 (1), 72 (2024)",https://pubmed.ncbi.nlm.nih.gov/38600530/
PP711853,"Substantial viral diversity in bats and rodents from East Africa: insights into evolution, recombination, and cocirculation","Microbiome 12 (1), 72 (2024)",https://pubmed.ncbi.nlm.nih.gov/38600530/
OQ802752,Host traits shape virome composition and virus transmission in wild small mammals,"Cell 186 (21), 4662-4675 (2023)",https://pubmed.ncbi.nlm.nih.gov/37734372/
OQ802751,Host traits shape virome composition and virus transmission in wild small mammals,"Cell 186 (21), 4662-4675 (2023)",https://pubmed.ncbi.nlm.nih.gov/37734372/
OQ802750,Host traits shape virome composition and virus transmission in wild small mammals,"Cell 186 (21), 4662-4675 (2023)",https://pubmed.ncbi.nlm.nih.gov/37734372/
OQ802749,Host traits shape virome composition and virus transmission in wild small mammals,"Cell 186 (21), 4662-4675 (2023)",https://pubmed.ncbi.nlm.nih.gov/37734372/
OQ802748,Host traits shape virome composition and virus transmission in wild small mammals,"Cell 186 (21), 4662-4675 (2023)",https://pubmed.ncbi.nlm.nih.gov/37734372/
OQ802747,Host traits shape virome composition and virus transmission in wild small mammals,"Cell 186 (21), 4662-4675 (2023)",https://pubmed.ncbi.nlm.nih.gov/37734372/
OQ802746,Host traits shape virome composition and virus transmission in wild small mammals,"Cell 186 (21), 4662-4675 (2023)",https://pubmed.ncbi.nlm.nih.gov/37734372/
OQ802745,Host traits shape virome composition and virus transmission in wild small mammals,"Cell 186 (21), 4662-4675 (2023)",https://pubmed.ncbi.nlm.nih.gov/37734372/
OQ802744,Host traits shape virome composition and virus transmission in wild small mammals,"Cell 186 (21), 4662-4675 (2023)",https://pubmed.ncbi.nlm.nih.gov/37734372/
OQ802743,Host traits shape virome composition and virus transmission in wild small mammals,"Cell 186 (21), 4662-4675 (2023)",https://pubmed.ncbi.nlm.nih.gov/37734372/
OQ802737,Host traits shape virome composition and virus transmission in wild small mammals,"Cell 186 (21), 4662-4675 (2023)",https://pubmed.ncbi.nlm.nih.gov/37734372/
OQ802736,Host traits shape virome composition and virus transmission in wild small mammals,"Cell 186 (21), 4662-4675 (2023)",https://pubmed.ncbi.nlm.nih.gov/37734372/
OQ802735,Host traits shape virome composition and virus transmission in wild small mammals,"Cell 186 (21), 4662-4675 (2023)",https://pubmed.ncbi.nlm.nih.gov/37734372/
OQ802734,Host traits shape virome composition and virus transmission in wild small mammals,"Cell 186 (21), 4662-4675 (2023)",https://pubmed.ncbi.nlm.nih.gov/37734372/
OQ802714,Host traits shape virome composition and virus transmission in wild small mammals,"Cell 186 (21), 4662-4675 (2023)",https://pubmed.ncbi.nlm.nih.gov/37734372/
OQ802713,Host traits shape virome composition and virus transmission in wild small mammals,"Cell 186 (21), 4662-4675 (2023)",https://pubmed.ncbi.nlm.nih.gov/37734372/
OQ802712,Host traits shape virome composition and virus transmission in wild small mammals,"Cell 186 (21), 4662-4675 (2023)",https://pubmed.ncbi.nlm.nih.gov/37734372/
OQ802711,Host traits shape virome composition and virus transmission in wild small mammals,"Cell 186 (21), 4662-4675 (2023)",https://pubmed.ncbi.nlm.nih.gov/37734372/
OQ802710,Host traits shape virome composition and virus transmission in wild small mammals,"Cell 186 (21), 4662-4675 (2023)",https://pubmed.ncbi.nlm.nih.gov/37734372/
OQ802709,Host traits shape virome composition and virus transmission in wild small mammals,"Cell 186 (21), 4662-4675 (2023)",https://pubmed.ncbi.nlm.nih.gov/37734372/
OQ802708,Host traits shape virome composition and virus transmission in wild small mammals,"Cell 186 (21), 4662-4675 (2023)",https://pubmed.ncbi.nlm.nih.gov/37734372/
OQ802707,Host traits shape virome composition and virus transmission in wild small mammals,"Cell 186 (21), 4662-4675 (2023)",https://pubmed.ncbi.nlm.nih.gov/37734372/
OQ802706,Host traits shape virome composition and virus transmission in wild small mammals,"Cell 186 (21), 4662-4675 (2023)",https://pubmed.ncbi.nlm.nih.gov/37734372/
OQ802705,Host traits shape virome composition and virus transmission in wild small mammals,"Cell 186 (21), 4662-4675 (2023)",https://pubmed.ncbi.nlm.nih.gov/37734372/
OQ802704,Host traits shape virome composition and virus transmission in wild small mammals,"Cell 186 (21), 4662-4675 (2023)",https://pubmed.ncbi.nlm.nih.gov/37734372/
OQ802703,Host traits shape virome composition and virus transmission in wild small mammals,"Cell 186 (21), 4662-4675 (2023)",https://pubmed.ncbi.nlm.nih.gov/37734372/
OQ802702,Host traits shape virome composition and virus transmission in wild small mammals,"Cell 186 (21), 4662-4675 (2023)",https://pubmed.ncbi.nlm.nih.gov/37734372/
OQ802701,Host traits shape virome composition and virus transmission in wild small mammals,"Cell 186 (21), 4662-4675 (2023)",https://pubmed.ncbi.nlm.nih.gov/37734372/
OQ802700,Host traits shape virome composition and virus transmission in wild small mammals,"Cell 186 (21), 4662-4675 (2023)",https://pubmed.ncbi.nlm.nih.gov/37734372/
OQ802699,Host traits shape virome composition and virus transmission in wild small mammals,"Cell 186 (21), 4662-4675 (2023)",https://pubmed.ncbi.nlm.nih.gov/37734372/
OQ802698,Host traits shape virome composition and virus transmission in wild small mammals,"Cell 186 (21), 4662-4675 (2023)",https://pubmed.ncbi.nlm.nih.gov/37734372/
OQ802697,Host traits shape virome composition and virus transmission in wild small mammals,"Cell 186 (21), 4662-4675 (2023)",https://pubmed.ncbi.nlm.nih.gov/37734372/
OP589985,"Gammaretroviruses, novel viruses and pathogenic bacteria in Australian bats with neurological signs, pneumonia and skin lesions","Virology 586, 43-55 (2023)",https://pubmed.ncbi.nlm.nih.gov/37487325/
OP589984,"Gammaretroviruses, novel viruses and pathogenic bacteria in Australian bats with neurological signs, pneumonia and skin lesions","Virology 586, 43-55 (2023)",https://pubmed.ncbi.nlm.nih.gov/37487325/
OP589983,"Gammaretroviruses, novel viruses and pathogenic bacteria in Australian bats with neurological signs, pneumonia and skin lesions","Virology 586, 43-55 (2023)",https://pubmed.ncbi.nlm.nih.gov/37487325/
OP589982,"Gammaretroviruses, novel viruses and pathogenic bacteria in Australian bats with neurological signs, pneumonia and skin lesions","Virology 586, 43-55 (2023)",https://pubmed.ncbi.nlm.nih.gov/37487325/
OP589981,"Gammaretroviruses, novel viruses and pathogenic bacteria in Australian bats with neurological signs, pneumonia and skin lesions","Virology 586, 43-55 (2023)",https://pubmed.ncbi.nlm.nih.gov/37487325/
OP589980,"Gammaretroviruses, novel viruses and pathogenic bacteria in Australian bats with neurological signs, pneumonia and skin lesions","Virology 586, 43-55 (2023)",https://pubmed.ncbi.nlm.nih.gov/37487325/
OP589979,"Gammaretroviruses, novel viruses and pathogenic bacteria in Australian bats with neurological signs, pneumonia and skin lesions","Virology 586, 43-55 (2023)",https://pubmed.ncbi.nlm.nih.gov/37487325/
OP589978,"Gammaretroviruses, novel viruses and pathogenic bacteria in Australian bats with neurological signs, pneumonia and skin lesions","Virology 586, 43-55 (2023)",https://pubmed.ncbi.nlm.nih.gov/37487325/
OP589977,"Gammaretroviruses, novel viruses and pathogenic bacteria in Australian bats with neurological signs, pneumonia and skin lesions","Virology 586, 43-55 (2023)",https://pubmed.ncbi.nlm.nih.gov/37487325/
OQ709181,Individual bat virome analysis reveals co-infection and spillover among bats and virus zoonotic potential,"Nat Commun 14 (1), 4079 (2023)",https://pubmed.ncbi.nlm.nih.gov/37429936/
OQ709180,Individual bat virome analysis reveals co-infection and spillover among bats and virus zoonotic potential,"Nat Commun 14 (1), 4079 (2023)",https://pubmed.ncbi.nlm.nih.gov/37429936/
OQ709193,Individual bat virome analysis reveals co-infection and spillover among bats and virus zoonotic potential,"Nat Commun 14 (1), 4079 (2023)",https://pubmed.ncbi.nlm.nih.gov/37429936/
OQ709192,Individual bat virome analysis reveals co-infection and spillover among bats and virus zoonotic potential,"Nat Commun 14 (1), 4079 (2023)",https://pubmed.ncbi.nlm.nih.gov/37429936/
OQ709191,Individual bat virome analysis reveals co-infection and spillover among bats and virus zoonotic potential,"Nat Commun 14 (1), 4079 (2023)",https://pubmed.ncbi.nlm.nih.gov/37429936/
OQ709190,Individual bat virome analysis reveals co-infection and spillover among bats and virus zoonotic potential,"Nat Commun 14 (1), 4079 (2023)",https://pubmed.ncbi.nlm.nih.gov/37429936/
OQ709189,Individual bat virome analysis reveals co-infection and spillover among bats and virus zoonotic potential,"Nat Commun 14 (1), 4079 (2023)",https://pubmed.ncbi.nlm.nih.gov/37429936/
OQ709188,Individual bat virome analysis reveals co-infection and spillover among bats and virus zoonotic potential,"Nat Commun 14 (1), 4079 (2023)",https://pubmed.ncbi.nlm.nih.gov/37429936/
OQ709182,Individual bat virome analysis reveals co-infection and spillover among bats and virus zoonotic potential,"Nat Commun 14 (1), 4079 (2023)",https://pubmed.ncbi.nlm.nih.gov/37429936/
OP963604,Individual bat virome analysis reveals co-infection and spillover among bats and virus zoonotic potential,"Nat Commun 14 (1), 4079 (2023)",https://pubmed.ncbi.nlm.nih.gov/37429936/
OP963603,Individual bat virome analysis reveals co-infection and spillover among bats and virus zoonotic potential,"Nat Commun 14 (1), 4079 (2023)",https://pubmed.ncbi.nlm.nih.gov/37429936/
OP963602,Individual bat virome analysis reveals co-infection and spillover among bats and virus zoonotic potential,"Nat Commun 14 (1), 4079 (2023)",https://pubmed.ncbi.nlm.nih.gov/37429936/
OP963601,Individual bat virome analysis reveals co-infection and spillover among bats and virus zoonotic potential,"Nat Commun 14 (1), 4079 (2023)",https://pubmed.ncbi.nlm.nih.gov/37429936/
OP963600,Individual bat virome analysis reveals co-infection and spillover among bats and virus zoonotic potential,"Nat Commun 14 (1), 4079 (2023)",https://pubmed.ncbi.nlm.nih.gov/37429936/
MW450837,"Highly diverse ribonucleic acid viruses in the viromes of eukaryotic host species in Yunnan province, China","Front Microbiol 13, 1019444 (2022)",https://pubmed.ncbi.nlm.nih.gov/36312977/
MT980823,"Diversity of Astroviruses Circulating in Humans, Bats, and Wild Birds in Egypt","Viruses 12 (5), E485 (2020)",https://pubmed.ncbi.nlm.nih.gov/32357556/
MT980821,"Diversity of Astroviruses Circulating in Humans, Bats, and Wild Birds in Egypt","Viruses 12 (5), E485 (2020)",https://pubmed.ncbi.nlm.nih.gov/32357556/
MT980822,"Diversity of Astroviruses Circulating in Humans, Bats, and Wild Birds in Egypt","Viruses 12 (5), E485 (2020)",https://pubmed.ncbi.nlm.nih.gov/32357556/
MT980820,"Diversity of Astroviruses Circulating in Humans, Bats, and Wild Birds in Egypt","Viruses 12 (5), E485 (2020)",https://pubmed.ncbi.nlm.nih.gov/32357556/
MT980819,"Diversity of Astroviruses Circulating in Humans, Bats, and Wild Birds in Egypt","Viruses 12 (5), E485 (2020)",https://pubmed.ncbi.nlm.nih.gov/32357556/
MZ614436,"Investigation of astrovirus, coronavirus and paramyxovirus co-infections in bats in the western Indian Ocean","Virol J 18 (1), 205 (2021)",https://pubmed.ncbi.nlm.nih.gov/34641936/
MZ614435,"Investigation of astrovirus, coronavirus and paramyxovirus co-infections in bats in the western Indian Ocean","Virol J 18 (1), 205 (2021)",https://pubmed.ncbi.nlm.nih.gov/34641936/
MZ614434,"Investigation of astrovirus, coronavirus and paramyxovirus co-infections in bats in the western Indian Ocean","Virol J 18 (1), 205 (2021)",https://pubmed.ncbi.nlm.nih.gov/34641936/
MZ614433,"Investigation of astrovirus, coronavirus and paramyxovirus co-infections in bats in the western Indian Ocean","Virol J 18 (1), 205 (2021)",https://pubmed.ncbi.nlm.nih.gov/34641936/
MZ614432,"Investigation of astrovirus, coronavirus and paramyxovirus co-infections in bats in the western Indian Ocean","Virol J 18 (1), 205 (2021)",https://pubmed.ncbi.nlm.nih.gov/34641936/
MZ614431,"Investigation of astrovirus, coronavirus and paramyxovirus co-infections in bats in the western Indian Ocean","Virol J 18 (1), 205 (2021)",https://pubmed.ncbi.nlm.nih.gov/34641936/
MZ614430,"Investigation of astrovirus, coronavirus and paramyxovirus co-infections in bats in the western Indian Ocean","Virol J 18 (1), 205 (2021)",https://pubmed.ncbi.nlm.nih.gov/34641936/
MZ614429,"Investigation of astrovirus, coronavirus and paramyxovirus co-infections in bats in the western Indian Ocean","Virol J 18 (1), 205 (2021)",https://pubmed.ncbi.nlm.nih.gov/34641936/
MZ614426,"Investigation of astrovirus, coronavirus and paramyxovirus co-infections in bats in the western Indian Ocean","Virol J 18 (1), 205 (2021)",https://pubmed.ncbi.nlm.nih.gov/34641936/
MZ614425,"Investigation of astrovirus, coronavirus and paramyxovirus co-infections in bats in the western Indian Ocean","Virol J 18 (1), 205 (2021)",https://pubmed.ncbi.nlm.nih.gov/34641936/
MZ614424,"Investigation of astrovirus, coronavirus and paramyxovirus co-infections in bats in the western Indian Ocean","Virol J 18 (1), 205 (2021)",https://pubmed.ncbi.nlm.nih.gov/34641936/
MZ614423,"Investigation of astrovirus, coronavirus and paramyxovirus co-infections in bats in the western Indian Ocean","Virol J 18 (1), 205 (2021)",https://pubmed.ncbi.nlm.nih.gov/34641936/
MZ614422,"Investigation of astrovirus, coronavirus and paramyxovirus co-infections in bats in the western Indian Ocean","Virol J 18 (1), 205 (2021)",https://pubmed.ncbi.nlm.nih.gov/34641936/
MZ614421,"Investigation of astrovirus, coronavirus and paramyxovirus co-infections in bats in the western Indian Ocean","Virol J 18 (1), 205 (2021)",https://pubmed.ncbi.nlm.nih.gov/34641936/
MZ614420,"Investigation of astrovirus, coronavirus and paramyxovirus co-infections in bats in the western Indian Ocean","Virol J 18 (1), 205 (2021)",https://pubmed.ncbi.nlm.nih.gov/34641936/
MZ614419,"Investigation of astrovirus, coronavirus and paramyxovirus co-infections in bats in the western Indian Ocean","Virol J 18 (1), 205 (2021)",https://pubmed.ncbi.nlm.nih.gov/34641936/
MZ614418,"Investigation of astrovirus, coronavirus and paramyxovirus co-infections in bats in the western Indian Ocean","Virol J 18 (1), 205 (2021)",https://pubmed.ncbi.nlm.nih.gov/34641936/
MZ614417,"Investigation of astrovirus, coronavirus and paramyxovirus co-infections in bats in the western Indian Ocean","Virol J 18 (1), 205 (2021)",https://pubmed.ncbi.nlm.nih.gov/34641936/
MZ614416,"Investigation of astrovirus, coronavirus and paramyxovirus co-infections in bats in the western Indian Ocean","Virol J 18 (1), 205 (2021)",https://pubmed.ncbi.nlm.nih.gov/34641936/
MZ614415,"Investigation of astrovirus, coronavirus and paramyxovirus co-infections in bats in the western Indian Ocean","Virol J 18 (1), 205 (2021)",https://pubmed.ncbi.nlm.nih.gov/34641936/
MZ614414,"Investigation of astrovirus, coronavirus and paramyxovirus co-infections in bats in the western Indian Ocean","Virol J 18 (1), 205 (2021)",https://pubmed.ncbi.nlm.nih.gov/34641936/
MZ614413,"Investigation of astrovirus, coronavirus and paramyxovirus co-infections in bats in the western Indian Ocean","Virol J 18 (1), 205 (2021)",https://pubmed.ncbi.nlm.nih.gov/34641936/
MZ614412,"Investigation of astrovirus, coronavirus and paramyxovirus co-infections in bats in the western Indian Ocean","Virol J 18 (1), 205 (2021)",https://pubmed.ncbi.nlm.nih.gov/34641936/
MZ614411,"Investigation of astrovirus, coronavirus and paramyxovirus co-infections in bats in the western Indian Ocean","Virol J 18 (1), 205 (2021)",https://pubmed.ncbi.nlm.nih.gov/34641936/
MZ614410,"Investigation of astrovirus, coronavirus and paramyxovirus co-infections in bats in the western Indian Ocean","Virol J 18 (1), 205 (2021)",https://pubmed.ncbi.nlm.nih.gov/34641936/
MZ614409,"Investigation of astrovirus, coronavirus and paramyxovirus co-infections in bats in the western Indian Ocean","Virol J 18 (1), 205 (2021)",https://pubmed.ncbi.nlm.nih.gov/34641936/
MZ614408,"Investigation of astrovirus, coronavirus and paramyxovirus co-infections in bats in the western Indian Ocean","Virol J 18 (1), 205 (2021)",https://pubmed.ncbi.nlm.nih.gov/34641936/
MZ614407,"Investigation of astrovirus, coronavirus and paramyxovirus co-infections in bats in the western Indian Ocean","Virol J 18 (1), 205 (2021)",https://pubmed.ncbi.nlm.nih.gov/34641936/
MZ614406,"Investigation of astrovirus, coronavirus and paramyxovirus co-infections in bats in the western Indian Ocean","Virol J 18 (1), 205 (2021)",https://pubmed.ncbi.nlm.nih.gov/34641936/
MZ614405,"Investigation of astrovirus, coronavirus and paramyxovirus co-infections in bats in the western Indian Ocean","Virol J 18 (1), 205 (2021)",https://pubmed.ncbi.nlm.nih.gov/34641936/
MZ614404,"Investigation of astrovirus, coronavirus and paramyxovirus co-infections in bats in the western Indian Ocean","Virol J 18 (1), 205 (2021)",https://pubmed.ncbi.nlm.nih.gov/34641936/
MW399240,First Detection of Bat Astroviruses (BtAstVs) among Bats in Poland: The Genetic BtAstVs Diversity Reveals Multiple Co-Infection of Bats with Different Strains,"Viruses 13 (2), 158 (2021)",https://pubmed.ncbi.nlm.nih.gov/33499328/
MW399239,First Detection of Bat Astroviruses (BtAstVs) among Bats in Poland: The Genetic BtAstVs Diversity Reveals Multiple Co-Infection of Bats with Different Strains,"Viruses 13 (2), 158 (2021)",https://pubmed.ncbi.nlm.nih.gov/33499328/
MW399238,First Detection of Bat Astroviruses (BtAstVs) among Bats in Poland: The Genetic BtAstVs Diversity Reveals Multiple Co-Infection of Bats with Different Strains,"Viruses 13 (2), 158 (2021)",https://pubmed.ncbi.nlm.nih.gov/33499328/
MW399237,First Detection of Bat Astroviruses (BtAstVs) among Bats in Poland: The Genetic BtAstVs Diversity Reveals Multiple Co-Infection of Bats with Different Strains,"Viruses 13 (2), 158 (2021)",https://pubmed.ncbi.nlm.nih.gov/33499328/
MW399236,First Detection of Bat Astroviruses (BtAstVs) among Bats in Poland: The Genetic BtAstVs Diversity Reveals Multiple Co-Infection of Bats with Different Strains,"Viruses 13 (2), 158 (2021)",https://pubmed.ncbi.nlm.nih.gov/33499328/
MW399235,First Detection of Bat Astroviruses (BtAstVs) among Bats in Poland: The Genetic BtAstVs Diversity Reveals Multiple Co-Infection of Bats with Different Strains,"Viruses 13 (2), 158 (2021)",https://pubmed.ncbi.nlm.nih.gov/33499328/
MW399234,First Detection of Bat Astroviruses (BtAstVs) among Bats in Poland: The Genetic BtAstVs Diversity Reveals Multiple Co-Infection of Bats with Different Strains,"Viruses 13 (2), 158 (2021)",https://pubmed.ncbi.nlm.nih.gov/33499328/
MW399233,First Detection of Bat Astroviruses (BtAstVs) among Bats in Poland: The Genetic BtAstVs Diversity Reveals Multiple Co-Infection of Bats with Different Strains,"Viruses 13 (2), 158 (2021)",https://pubmed.ncbi.nlm.nih.gov/33499328/
MW399232,First Detection of Bat Astroviruses (BtAstVs) among Bats in Poland: The Genetic BtAstVs Diversity Reveals Multiple Co-Infection of Bats with Different Strains,"Viruses 13 (2), 158 (2021)",https://pubmed.ncbi.nlm.nih.gov/33499328/
MW399231,First Detection of Bat Astroviruses (BtAstVs) among Bats in Poland: The Genetic BtAstVs Diversity Reveals Multiple Co-Infection of Bats with Different Strains,"Viruses 13 (2), 158 (2021)",https://pubmed.ncbi.nlm.nih.gov/33499328/
MW399230,First Detection of Bat Astroviruses (BtAstVs) among Bats in Poland: The Genetic BtAstVs Diversity Reveals Multiple Co-Infection of Bats with Different Strains,"Viruses 13 (2), 158 (2021)",https://pubmed.ncbi.nlm.nih.gov/33499328/
MW399229,First Detection of Bat Astroviruses (BtAstVs) among Bats in Poland: The Genetic BtAstVs Diversity Reveals Multiple Co-Infection of Bats with Different Strains,"Viruses 13 (2), 158 (2021)",https://pubmed.ncbi.nlm.nih.gov/33499328/
MW399227,First Detection of Bat Astroviruses (BtAstVs) among Bats in Poland: The Genetic BtAstVs Diversity Reveals Multiple Co-Infection of Bats with Different Strains,"Viruses 13 (2), 158 (2021)",https://pubmed.ncbi.nlm.nih.gov/33499328/
MW399226,First Detection of Bat Astroviruses (BtAstVs) among Bats in Poland: The Genetic BtAstVs Diversity Reveals Multiple Co-Infection of Bats with Different Strains,"Viruses 13 (2), 158 (2021)",https://pubmed.ncbi.nlm.nih.gov/33499328/
MW399225,First Detection of Bat Astroviruses (BtAstVs) among Bats in Poland: The Genetic BtAstVs Diversity Reveals Multiple Co-Infection of Bats with Different Strains,"Viruses 13 (2), 158 (2021)",https://pubmed.ncbi.nlm.nih.gov/33499328/
MW399224,First Detection of Bat Astroviruses (BtAstVs) among Bats in Poland: The Genetic BtAstVs Diversity Reveals Multiple Co-Infection of Bats with Different Strains,"Viruses 13 (2), 158 (2021)",https://pubmed.ncbi.nlm.nih.gov/33499328/
MW399223,First Detection of Bat Astroviruses (BtAstVs) among Bats in Poland: The Genetic BtAstVs Diversity Reveals Multiple Co-Infection of Bats with Different Strains,"Viruses 13 (2), 158 (2021)",https://pubmed.ncbi.nlm.nih.gov/33499328/
MW249010,Characterizing and Evaluating the Zoonotic Potential of Novel Viruses Discovered in Vampire Bats,"Viruses 13 (2), 252 (2021)",https://pubmed.ncbi.nlm.nih.gov/33562073/
MW385371,Interface between Bats and Pigs in Heavy Pig Production,"Viruses 13 (1), E4 (2020)",https://pubmed.ncbi.nlm.nih.gov/33375071/
MG693176,"Cameroonian fruit bats harbor divergent viruses, including rotavirus H, bastroviruses, and picobirnaviruses using an alternative genetic code","Virus Evol 4 (1), vey008 (2018)",https://pubmed.ncbi.nlm.nih.gov/29644096/
MG693175,"Cameroonian fruit bats harbor divergent viruses, including rotavirus H, bastroviruses, and picobirnaviruses using an alternative genetic code","Virus Evol 4 (1), vey008 (2018)",https://pubmed.ncbi.nlm.nih.gov/29644096/
MH424428,A viral metagenomic survey identifies known and novel mammalian viruses in bats from Saudi Arabia,"PLoS ONE 14 (4), e0214227 (2019)",https://pubmed.ncbi.nlm.nih.gov/30969980/
MH424433,A viral metagenomic survey identifies known and novel mammalian viruses in bats from Saudi Arabia,"PLoS ONE 14 (4), e0214227 (2019)",https://pubmed.ncbi.nlm.nih.gov/30969980/
MH424432,A viral metagenomic survey identifies known and novel mammalian viruses in bats from Saudi Arabia,"PLoS ONE 14 (4), e0214227 (2019)",https://pubmed.ncbi.nlm.nih.gov/30969980/
MH424431,A viral metagenomic survey identifies known and novel mammalian viruses in bats from Saudi Arabia,"PLoS ONE 14 (4), e0214227 (2019)",https://pubmed.ncbi.nlm.nih.gov/30969980/
MH424430,A viral metagenomic survey identifies known and novel mammalian viruses in bats from Saudi Arabia,"PLoS ONE 14 (4), e0214227 (2019)",https://pubmed.ncbi.nlm.nih.gov/30969980/
MH424429,A viral metagenomic survey identifies known and novel mammalian viruses in bats from Saudi Arabia,"PLoS ONE 14 (4), e0214227 (2019)",https://pubmed.ncbi.nlm.nih.gov/30969980/
MG004212,Detection and phylogenetic characterization of astroviruses in insectivorous bats from Central-Southern Italy,Zoonoses Public Health (2018) In press,https://pubmed.ncbi.nlm.nih.gov/29896884/
MG004211,Detection and phylogenetic characterization of astroviruses in insectivorous bats from Central-Southern Italy,Zoonoses Public Health (2018) In press,https://pubmed.ncbi.nlm.nih.gov/29896884/
MG004210,Detection and phylogenetic characterization of astroviruses in insectivorous bats from Central-Southern Italy,Zoonoses Public Health (2018) In press,https://pubmed.ncbi.nlm.nih.gov/29896884/
MG004209,Detection and phylogenetic characterization of astroviruses in insectivorous bats from Central-Southern Italy,Zoonoses Public Health (2018) In press,https://pubmed.ncbi.nlm.nih.gov/29896884/
MG004208,Detection and phylogenetic characterization of astroviruses in insectivorous bats from Central-Southern Italy,Zoonoses Public Health (2018) In press,https://pubmed.ncbi.nlm.nih.gov/29896884/
MG004207,Detection and phylogenetic characterization of astroviruses in insectivorous bats from Central-Southern Italy,Zoonoses Public Health (2018) In press,https://pubmed.ncbi.nlm.nih.gov/29896884/
MG004206,Detection and phylogenetic characterization of astroviruses in insectivorous bats from Central-Southern Italy,Zoonoses Public Health (2018) In press,https://pubmed.ncbi.nlm.nih.gov/29896884/
MG004205,Detection and phylogenetic characterization of astroviruses in insectivorous bats from Central-Southern Italy,Zoonoses Public Health (2018) In press,https://pubmed.ncbi.nlm.nih.gov/29896884/
MG004204,Detection and phylogenetic characterization of astroviruses in insectivorous bats from Central-Southern Italy,Zoonoses Public Health (2018) In press,https://pubmed.ncbi.nlm.nih.gov/29896884/
MG004203,Detection and phylogenetic characterization of astroviruses in insectivorous bats from Central-Southern Italy,Zoonoses Public Health (2018) In press,https://pubmed.ncbi.nlm.nih.gov/29896884/
MG004202,Detection and phylogenetic characterization of astroviruses in insectivorous bats from Central-Southern Italy,Zoonoses Public Health (2018) In press,https://pubmed.ncbi.nlm.nih.gov/29896884/
MG004201,Detection and phylogenetic characterization of astroviruses in insectivorous bats from Central-Southern Italy,Zoonoses Public Health (2018) In press,https://pubmed.ncbi.nlm.nih.gov/29896884/
MG004200,Detection and phylogenetic characterization of astroviruses in insectivorous bats from Central-Southern Italy,Zoonoses Public Health (2018) In press,https://pubmed.ncbi.nlm.nih.gov/29896884/
MG004199,Detection and phylogenetic characterization of astroviruses in insectivorous bats from Central-Southern Italy,Zoonoses Public Health (2018) In press,https://pubmed.ncbi.nlm.nih.gov/29896884/
MG004198,Detection and phylogenetic characterization of astroviruses in insectivorous bats from Central-Southern Italy,Zoonoses Public Health (2018) In press,https://pubmed.ncbi.nlm.nih.gov/29896884/
MG004197,Detection and phylogenetic characterization of astroviruses in insectivorous bats from Central-Southern Italy,Zoonoses Public Health (2018) In press,https://pubmed.ncbi.nlm.nih.gov/29896884/
MG004196,Detection and phylogenetic characterization of astroviruses in insectivorous bats from Central-Southern Italy,Zoonoses Public Health (2018) In press,https://pubmed.ncbi.nlm.nih.gov/29896884/
MG004195,Detection and phylogenetic characterization of astroviruses in insectivorous bats from Central-Southern Italy,Zoonoses Public Health (2018) In press,https://pubmed.ncbi.nlm.nih.gov/29896884/
EU847145,Novel astroviruses in insectivorous bats,"J. Virol. 82 (18), 9107-9114 (2008)",https://pubmed.ncbi.nlm.nih.gov/18550669/
EU847144,Novel astroviruses in insectivorous bats,"J. Virol. 82 (18), 9107-9114 (2008)",https://pubmed.ncbi.nlm.nih.gov/18550669/
EU847155,Novel astroviruses in insectivorous bats,"J. Virol. 82 (18), 9107-9114 (2008)",https://pubmed.ncbi.nlm.nih.gov/18550669/
EU847154,Novel astroviruses in insectivorous bats,"J. Virol. 82 (18), 9107-9114 (2008)",https://pubmed.ncbi.nlm.nih.gov/18550669/
EU847153,Novel astroviruses in insectivorous bats,"J. Virol. 82 (18), 9107-9114 (2008)",https://pubmed.ncbi.nlm.nih.gov/18550669/
EU847152,Novel astroviruses in insectivorous bats,"J. Virol. 82 (18), 9107-9114 (2008)",https://pubmed.ncbi.nlm.nih.gov/18550669/
EU847151,Novel astroviruses in insectivorous bats,"J. Virol. 82 (18), 9107-9114 (2008)",https://pubmed.ncbi.nlm.nih.gov/18550669/
EU847150,Novel astroviruses in insectivorous bats,"J. Virol. 82 (18), 9107-9114 (2008)",https://pubmed.ncbi.nlm.nih.gov/18550669/
EU847149,Novel astroviruses in insectivorous bats,"J. Virol. 82 (18), 9107-9114 (2008)",https://pubmed.ncbi.nlm.nih.gov/18550669/
EU847148,Novel astroviruses in insectivorous bats,"J. Virol. 82 (18), 9107-9114 (2008)",https://pubmed.ncbi.nlm.nih.gov/18550669/
EU847147,Novel astroviruses in insectivorous bats,"J. Virol. 82 (18), 9107-9114 (2008)",https://pubmed.ncbi.nlm.nih.gov/18550669/
EU847146,Novel astroviruses in insectivorous bats,"J. Virol. 82 (18), 9107-9114 (2008)",https://pubmed.ncbi.nlm.nih.gov/18550669/
EU847220,Novel astroviruses in insectivorous bats,"J. Virol. 82 (18), 9107-9114 (2008)",https://pubmed.ncbi.nlm.nih.gov/18550669/
EU847219,Novel astroviruses in insectivorous bats,"J. Virol. 82 (18), 9107-9114 (2008)",https://pubmed.ncbi.nlm.nih.gov/18550669/
EU847218,Novel astroviruses in insectivorous bats,"J. Virol. 82 (18), 9107-9114 (2008)",https://pubmed.ncbi.nlm.nih.gov/18550669/
EU847217,Novel astroviruses in insectivorous bats,"J. Virol. 82 (18), 9107-9114 (2008)",https://pubmed.ncbi.nlm.nih.gov/18550669/
EU847216,Novel astroviruses in insectivorous bats,"J. Virol. 82 (18), 9107-9114 (2008)",https://pubmed.ncbi.nlm.nih.gov/18550669/
EU847215,Novel astroviruses in insectivorous bats,"J. Virol. 82 (18), 9107-9114 (2008)",https://pubmed.ncbi.nlm.nih.gov/18550669/
EU847214,Novel astroviruses in insectivorous bats,"J. Virol. 82 (18), 9107-9114 (2008)",https://pubmed.ncbi.nlm.nih.gov/18550669/
EU847213,Novel astroviruses in insectivorous bats,"J. Virol. 82 (18), 9107-9114 (2008)",https://pubmed.ncbi.nlm.nih.gov/18550669/
EU847212,Novel astroviruses in insectivorous bats,"J. Virol. 82 (18), 9107-9114 (2008)",https://pubmed.ncbi.nlm.nih.gov/18550669/
EU847211,Novel astroviruses in insectivorous bats,"J. Virol. 82 (18), 9107-9114 (2008)",https://pubmed.ncbi.nlm.nih.gov/18550669/
EU847210,Novel astroviruses in insectivorous bats,"J. Virol. 82 (18), 9107-9114 (2008)",https://pubmed.ncbi.nlm.nih.gov/18550669/
EU847209,Novel astroviruses in insectivorous bats,"J. Virol. 82 (18), 9107-9114 (2008)",https://pubmed.ncbi.nlm.nih.gov/18550669/
EU847208,Novel astroviruses in insectivorous bats,"J. Virol. 82 (18), 9107-9114 (2008)",https://pubmed.ncbi.nlm.nih.gov/18550669/
EU847207,Novel astroviruses in insectivorous bats,"J. Virol. 82 (18), 9107-9114 (2008)",https://pubmed.ncbi.nlm.nih.gov/18550669/
EU847206,Novel astroviruses in insectivorous bats,"J. Virol. 82 (18), 9107-9114 (2008)",https://pubmed.ncbi.nlm.nih.gov/18550669/
EU847205,Novel astroviruses in insectivorous bats,"J. Virol. 82 (18), 9107-9114 (2008)",https://pubmed.ncbi.nlm.nih.gov/18550669/
EU847204,Novel astroviruses in insectivorous bats,"J. Virol. 82 (18), 9107-9114 (2008)",https://pubmed.ncbi.nlm.nih.gov/18550669/
EU847203,Novel astroviruses in insectivorous bats,"J. Virol. 82 (18), 9107-9114 (2008)",https://pubmed.ncbi.nlm.nih.gov/18550669/
EU847202,Novel astroviruses in insectivorous bats,"J. Virol. 82 (18), 9107-9114 (2008)",https://pubmed.ncbi.nlm.nih.gov/18550669/
EU847201,Novel astroviruses in insectivorous bats,"J. Virol. 82 (18), 9107-9114 (2008)",https://pubmed.ncbi.nlm.nih.gov/18550669/
EU847200,Novel astroviruses in insectivorous bats,"J. Virol. 82 (18), 9107-9114 (2008)",https://pubmed.ncbi.nlm.nih.gov/18550669/
EU847199,Novel astroviruses in insectivorous bats,"J. Virol. 82 (18), 9107-9114 (2008)",https://pubmed.ncbi.nlm.nih.gov/18550669/
EU847198,Novel astroviruses in insectivorous bats,"J. Virol. 82 (18), 9107-9114 (2008)",https://pubmed.ncbi.nlm.nih.gov/18550669/
EU847197,Novel astroviruses in insectivorous bats,"J. Virol. 82 (18), 9107-9114 (2008)",https://pubmed.ncbi.nlm.nih.gov/18550669/
EU847196,Novel astroviruses in insectivorous bats,"J. Virol. 82 (18), 9107-9114 (2008)",https://pubmed.ncbi.nlm.nih.gov/18550669/
EU847195,Novel astroviruses in insectivorous bats,"J. Virol. 82 (18), 9107-9114 (2008)",https://pubmed.ncbi.nlm.nih.gov/18550669/
EU847194,Novel astroviruses in insectivorous bats,"J. Virol. 82 (18), 9107-9114 (2008)",https://pubmed.ncbi.nlm.nih.gov/18550669/
EU847193,Novel astroviruses in insectivorous bats,"J. Virol. 82 (18), 9107-9114 (2008)",https://pubmed.ncbi.nlm.nih.gov/18550669/
EU847192,Novel astroviruses in insectivorous bats,"J. Virol. 82 (18), 9107-9114 (2008)",https://pubmed.ncbi.nlm.nih.gov/18550669/
EU847191,Novel astroviruses in insectivorous bats,"J. Virol. 82 (18), 9107-9114 (2008)",https://pubmed.ncbi.nlm.nih.gov/18550669/
EU847190,Novel astroviruses in insectivorous bats,"J. Virol. 82 (18), 9107-9114 (2008)",https://pubmed.ncbi.nlm.nih.gov/18550669/
EU847189,Novel astroviruses in insectivorous bats,"J. Virol. 82 (18), 9107-9114 (2008)",https://pubmed.ncbi.nlm.nih.gov/18550669/
EU847188,Novel astroviruses in insectivorous bats,"J. Virol. 82 (18), 9107-9114 (2008)",https://pubmed.ncbi.nlm.nih.gov/18550669/
EU847187,Novel astroviruses in insectivorous bats,"J. Virol. 82 (18), 9107-9114 (2008)",https://pubmed.ncbi.nlm.nih.gov/18550669/
EU847186,Novel astroviruses in insectivorous bats,"J. Virol. 82 (18), 9107-9114 (2008)",https://pubmed.ncbi.nlm.nih.gov/18550669/
EU847185,Novel astroviruses in insectivorous bats,"J. Virol. 82 (18), 9107-9114 (2008)",https://pubmed.ncbi.nlm.nih.gov/18550669/
EU847184,Novel astroviruses in insectivorous bats,"J. Virol. 82 (18), 9107-9114 (2008)",https://pubmed.ncbi.nlm.nih.gov/18550669/
EU847183,Novel astroviruses in insectivorous bats,"J. Virol. 82 (18), 9107-9114 (2008)",https://pubmed.ncbi.nlm.nih.gov/18550669/
EU847182,Novel astroviruses in insectivorous bats,"J. Virol. 82 (18), 9107-9114 (2008)",https://pubmed.ncbi.nlm.nih.gov/18550669/
EU847181,Novel astroviruses in insectivorous bats,"J. Virol. 82 (18), 9107-9114 (2008)",https://pubmed.ncbi.nlm.nih.gov/18550669/
EU847180,Novel astroviruses in insectivorous bats,"J. Virol. 82 (18), 9107-9114 (2008)",https://pubmed.ncbi.nlm.nih.gov/18550669/
EU847179,Novel astroviruses in insectivorous bats,"J. Virol. 82 (18), 9107-9114 (2008)",https://pubmed.ncbi.nlm.nih.gov/18550669/
EU847178,Novel astroviruses in insectivorous bats,"J. Virol. 82 (18), 9107-9114 (2008)",https://pubmed.ncbi.nlm.nih.gov/18550669/
EU847177,Novel astroviruses in insectivorous bats,"J. Virol. 82 (18), 9107-9114 (2008)",https://pubmed.ncbi.nlm.nih.gov/18550669/
EU847176,Novel astroviruses in insectivorous bats,"J. Virol. 82 (18), 9107-9114 (2008)",https://pubmed.ncbi.nlm.nih.gov/18550669/
EU847175,Novel astroviruses in insectivorous bats,"J. Virol. 82 (18), 9107-9114 (2008)",https://pubmed.ncbi.nlm.nih.gov/18550669/
EU847174,Novel astroviruses in insectivorous bats,"J. Virol. 82 (18), 9107-9114 (2008)",https://pubmed.ncbi.nlm.nih.gov/18550669/
EU847173,Novel astroviruses in insectivorous bats,"J. Virol. 82 (18), 9107-9114 (2008)",https://pubmed.ncbi.nlm.nih.gov/18550669/
EU847172,Novel astroviruses in insectivorous bats,"J. Virol. 82 (18), 9107-9114 (2008)",https://pubmed.ncbi.nlm.nih.gov/18550669/
EU847171,Novel astroviruses in insectivorous bats,"J. Virol. 82 (18), 9107-9114 (2008)",https://pubmed.ncbi.nlm.nih.gov/18550669/
EU847170,Novel astroviruses in insectivorous bats,"J. Virol. 82 (18), 9107-9114 (2008)",https://pubmed.ncbi.nlm.nih.gov/18550669/
EU847169,Novel astroviruses in insectivorous bats,"J. Virol. 82 (18), 9107-9114 (2008)",https://pubmed.ncbi.nlm.nih.gov/18550669/
EU847168,Novel astroviruses in insectivorous bats,"J. Virol. 82 (18), 9107-9114 (2008)",https://pubmed.ncbi.nlm.nih.gov/18550669/
EU847167,Novel astroviruses in insectivorous bats,"J. Virol. 82 (18), 9107-9114 (2008)",https://pubmed.ncbi.nlm.nih.gov/18550669/
EU847166,Novel astroviruses in insectivorous bats,"J. Virol. 82 (18), 9107-9114 (2008)",https://pubmed.ncbi.nlm.nih.gov/18550669/
EU847165,Novel astroviruses in insectivorous bats,"J. Virol. 82 (18), 9107-9114 (2008)",https://pubmed.ncbi.nlm.nih.gov/18550669/
EU847164,Novel astroviruses in insectivorous bats,"J. Virol. 82 (18), 9107-9114 (2008)",https://pubmed.ncbi.nlm.nih.gov/18550669/
EU847163,Novel astroviruses in insectivorous bats,"J. Virol. 82 (18), 9107-9114 (2008)",https://pubmed.ncbi.nlm.nih.gov/18550669/
EU847162,Novel astroviruses in insectivorous bats,"J. Virol. 82 (18), 9107-9114 (2008)",https://pubmed.ncbi.nlm.nih.gov/18550669/
EU847161,Novel astroviruses in insectivorous bats,"J. Virol. 82 (18), 9107-9114 (2008)",https://pubmed.ncbi.nlm.nih.gov/18550669/
EU847160,Novel astroviruses in insectivorous bats,"J. Virol. 82 (18), 9107-9114 (2008)",https://pubmed.ncbi.nlm.nih.gov/18550669/
EU847159,Novel astroviruses in insectivorous bats,"J. Virol. 82 (18), 9107-9114 (2008)",https://pubmed.ncbi.nlm.nih.gov/18550669/
EU847158,Novel astroviruses in insectivorous bats,"J. Virol. 82 (18), 9107-9114 (2008)",https://pubmed.ncbi.nlm.nih.gov/18550669/
EU847157,Novel astroviruses in insectivorous bats,"J. Virol. 82 (18), 9107-9114 (2008)",https://pubmed.ncbi.nlm.nih.gov/18550669/
EU847156,Novel astroviruses in insectivorous bats,"J. Virol. 82 (18), 9107-9114 (2008)",https://pubmed.ncbi.nlm.nih.gov/18550669/
MF983852,Influence of age and body condition on astrovirus infection of bats in Singapore: An evolutionary and epidemiological analysis,"One Health 4, 27-33 (2017)",https://pubmed.ncbi.nlm.nih.gov/29159263/
MF983851,Influence of age and body condition on astrovirus infection of bats in Singapore: An evolutionary and epidemiological analysis,"One Health 4, 27-33 (2017)",https://pubmed.ncbi.nlm.nih.gov/29159263/
KY575674,"Astroviruses in bats, Madagascar","Emerg Microbes Infect 6 (6), E58 (2017)",https://pubmed.ncbi.nlm.nih.gov/28634357/
KY575673,"Astroviruses in bats, Madagascar","Emerg Microbes Infect 6 (6), E58 (2017)",https://pubmed.ncbi.nlm.nih.gov/28634357/
KY575672,"Astroviruses in bats, Madagascar","Emerg Microbes Infect 6 (6), E58 (2017)",https://pubmed.ncbi.nlm.nih.gov/28634357/
KY575671,"Astroviruses in bats, Madagascar","Emerg Microbes Infect 6 (6), E58 (2017)",https://pubmed.ncbi.nlm.nih.gov/28634357/
KY575670,"Astroviruses in bats, Madagascar","Emerg Microbes Infect 6 (6), E58 (2017)",https://pubmed.ncbi.nlm.nih.gov/28634357/
KY575669,"Astroviruses in bats, Madagascar","Emerg Microbes Infect 6 (6), E58 (2017)",https://pubmed.ncbi.nlm.nih.gov/28634357/
KY575668,"Astroviruses in bats, Madagascar","Emerg Microbes Infect 6 (6), E58 (2017)",https://pubmed.ncbi.nlm.nih.gov/28634357/
KY575667,"Astroviruses in bats, Madagascar","Emerg Microbes Infect 6 (6), E58 (2017)",https://pubmed.ncbi.nlm.nih.gov/28634357/
KY575666,"Astroviruses in bats, Madagascar","Emerg Microbes Infect 6 (6), E58 (2017)",https://pubmed.ncbi.nlm.nih.gov/28634357/
KY575665,"Astroviruses in bats, Madagascar","Emerg Microbes Infect 6 (6), E58 (2017)",https://pubmed.ncbi.nlm.nih.gov/28634357/
KY575664,"Astroviruses in bats, Madagascar","Emerg Microbes Infect 6 (6), E58 (2017)",https://pubmed.ncbi.nlm.nih.gov/28634357/
KY575663,"Astroviruses in bats, Madagascar","Emerg Microbes Infect 6 (6), E58 (2017)",https://pubmed.ncbi.nlm.nih.gov/28634357/
KY575662,"Astroviruses in bats, Madagascar","Emerg Microbes Infect 6 (6), E58 (2017)",https://pubmed.ncbi.nlm.nih.gov/28634357/
KY575661,"Astroviruses in bats, Madagascar","Emerg Microbes Infect 6 (6), E58 (2017)",https://pubmed.ncbi.nlm.nih.gov/28634357/
KY575660,"Astroviruses in bats, Madagascar","Emerg Microbes Infect 6 (6), E58 (2017)",https://pubmed.ncbi.nlm.nih.gov/28634357/
KY575659,"Astroviruses in bats, Madagascar","Emerg Microbes Infect 6 (6), E58 (2017)",https://pubmed.ncbi.nlm.nih.gov/28634357/
KY575658,"Astroviruses in bats, Madagascar","Emerg Microbes Infect 6 (6), E58 (2017)",https://pubmed.ncbi.nlm.nih.gov/28634357/
KY575657,"Astroviruses in bats, Madagascar","Emerg Microbes Infect 6 (6), E58 (2017)",https://pubmed.ncbi.nlm.nih.gov/28634357/
KY575656,"Astroviruses in bats, Madagascar","Emerg Microbes Infect 6 (6), E58 (2017)",https://pubmed.ncbi.nlm.nih.gov/28634357/
KY575655,"Astroviruses in bats, Madagascar","Emerg Microbes Infect 6 (6), E58 (2017)",https://pubmed.ncbi.nlm.nih.gov/28634357/
KY575654,"Astroviruses in bats, Madagascar","Emerg Microbes Infect 6 (6), E58 (2017)",https://pubmed.ncbi.nlm.nih.gov/28634357/
KY575653,"Astroviruses in bats, Madagascar","Emerg Microbes Infect 6 (6), E58 (2017)",https://pubmed.ncbi.nlm.nih.gov/28634357/
KY575652,"Astroviruses in bats, Madagascar","Emerg Microbes Infect 6 (6), E58 (2017)",https://pubmed.ncbi.nlm.nih.gov/28634357/
KY575651,"Astroviruses in bats, Madagascar","Emerg Microbes Infect 6 (6), E58 (2017)",https://pubmed.ncbi.nlm.nih.gov/28634357/
KY575650,"Astroviruses in bats, Madagascar","Emerg Microbes Infect 6 (6), E58 (2017)",https://pubmed.ncbi.nlm.nih.gov/28634357/
KY575649,"Astroviruses in bats, Madagascar","Emerg Microbes Infect 6 (6), E58 (2017)",https://pubmed.ncbi.nlm.nih.gov/28634357/
KY575648,"Astroviruses in bats, Madagascar","Emerg Microbes Infect 6 (6), E58 (2017)",https://pubmed.ncbi.nlm.nih.gov/28634357/
KY575647,"Astroviruses in bats, Madagascar","Emerg Microbes Infect 6 (6), E58 (2017)",https://pubmed.ncbi.nlm.nih.gov/28634357/
KY575646,"Astroviruses in bats, Madagascar","Emerg Microbes Infect 6 (6), E58 (2017)",https://pubmed.ncbi.nlm.nih.gov/28634357/
KY575645,"Astroviruses in bats, Madagascar","Emerg Microbes Infect 6 (6), E58 (2017)",https://pubmed.ncbi.nlm.nih.gov/28634357/
KY575644,"Astroviruses in bats, Madagascar","Emerg Microbes Infect 6 (6), E58 (2017)",https://pubmed.ncbi.nlm.nih.gov/28634357/
KX858533,Diversity of bat astroviruses in Lao PDR and Cambodia,"Infect. Genet. Evol. 47, 41-50 (2017)",https://pubmed.ncbi.nlm.nih.gov/27871796/
KX858532,Diversity of bat astroviruses in Lao PDR and Cambodia,"Infect. Genet. Evol. 47, 41-50 (2017)",https://pubmed.ncbi.nlm.nih.gov/27871796/
KX858531,Diversity of bat astroviruses in Lao PDR and Cambodia,"Infect. Genet. Evol. 47, 41-50 (2017)",https://pubmed.ncbi.nlm.nih.gov/27871796/
KX858530,Diversity of bat astroviruses in Lao PDR and Cambodia,"Infect. Genet. Evol. 47, 41-50 (2017)",https://pubmed.ncbi.nlm.nih.gov/27871796/
KX858529,Diversity of bat astroviruses in Lao PDR and Cambodia,"Infect. Genet. Evol. 47, 41-50 (2017)",https://pubmed.ncbi.nlm.nih.gov/27871796/
KX858528,Diversity of bat astroviruses in Lao PDR and Cambodia,"Infect. Genet. Evol. 47, 41-50 (2017)",https://pubmed.ncbi.nlm.nih.gov/27871796/
KX858526,Diversity of bat astroviruses in Lao PDR and Cambodia,"Infect. Genet. Evol. 47, 41-50 (2017)",https://pubmed.ncbi.nlm.nih.gov/27871796/
KX858525,Diversity of bat astroviruses in Lao PDR and Cambodia,"Infect. Genet. Evol. 47, 41-50 (2017)",https://pubmed.ncbi.nlm.nih.gov/27871796/
KX858524,Diversity of bat astroviruses in Lao PDR and Cambodia,"Infect. Genet. Evol. 47, 41-50 (2017)",https://pubmed.ncbi.nlm.nih.gov/27871796/
KX858523,Diversity of bat astroviruses in Lao PDR and Cambodia,"Infect. Genet. Evol. 47, 41-50 (2017)",https://pubmed.ncbi.nlm.nih.gov/27871796/
KX858522,Diversity of bat astroviruses in Lao PDR and Cambodia,"Infect. Genet. Evol. 47, 41-50 (2017)",https://pubmed.ncbi.nlm.nih.gov/27871796/
KX858521,Diversity of bat astroviruses in Lao PDR and Cambodia,"Infect. Genet. Evol. 47, 41-50 (2017)",https://pubmed.ncbi.nlm.nih.gov/27871796/
KX858520,Diversity of bat astroviruses in Lao PDR and Cambodia,"Infect. Genet. Evol. 47, 41-50 (2017)",https://pubmed.ncbi.nlm.nih.gov/27871796/
KX858518,Diversity of bat astroviruses in Lao PDR and Cambodia,"Infect. Genet. Evol. 47, 41-50 (2017)",https://pubmed.ncbi.nlm.nih.gov/27871796/
KX858517,Diversity of bat astroviruses in Lao PDR and Cambodia,"Infect. Genet. Evol. 47, 41-50 (2017)",https://pubmed.ncbi.nlm.nih.gov/27871796/
KX858516,Diversity of bat astroviruses in Lao PDR and Cambodia,"Infect. Genet. Evol. 47, 41-50 (2017)",https://pubmed.ncbi.nlm.nih.gov/27871796/
KX858515,Diversity of bat astroviruses in Lao PDR and Cambodia,"Infect. Genet. Evol. 47, 41-50 (2017)",https://pubmed.ncbi.nlm.nih.gov/27871796/
KX858514,Diversity of bat astroviruses in Lao PDR and Cambodia,"Infect. Genet. Evol. 47, 41-50 (2017)",https://pubmed.ncbi.nlm.nih.gov/27871796/
KX858513,Diversity of bat astroviruses in Lao PDR and Cambodia,"Infect. Genet. Evol. 47, 41-50 (2017)",https://pubmed.ncbi.nlm.nih.gov/27871796/
KX858512,Diversity of bat astroviruses in Lao PDR and Cambodia,"Infect. Genet. Evol. 47, 41-50 (2017)",https://pubmed.ncbi.nlm.nih.gov/27871796/
KX858511,Diversity of bat astroviruses in Lao PDR and Cambodia,"Infect. Genet. Evol. 47, 41-50 (2017)",https://pubmed.ncbi.nlm.nih.gov/27871796/
KX858510,Diversity of bat astroviruses in Lao PDR and Cambodia,"Infect. Genet. Evol. 47, 41-50 (2017)",https://pubmed.ncbi.nlm.nih.gov/27871796/
KX858509,Diversity of bat astroviruses in Lao PDR and Cambodia,"Infect. Genet. Evol. 47, 41-50 (2017)",https://pubmed.ncbi.nlm.nih.gov/27871796/
KX858508,Diversity of bat astroviruses in Lao PDR and Cambodia,"Infect. Genet. Evol. 47, 41-50 (2017)",https://pubmed.ncbi.nlm.nih.gov/27871796/
KX858507,Diversity of bat astroviruses in Lao PDR and Cambodia,"Infect. Genet. Evol. 47, 41-50 (2017)",https://pubmed.ncbi.nlm.nih.gov/27871796/
KX858506,Diversity of bat astroviruses in Lao PDR and Cambodia,"Infect. Genet. Evol. 47, 41-50 (2017)",https://pubmed.ncbi.nlm.nih.gov/27871796/
KX858505,Diversity of bat astroviruses in Lao PDR and Cambodia,"Infect. Genet. Evol. 47, 41-50 (2017)",https://pubmed.ncbi.nlm.nih.gov/27871796/
KX858504,Diversity of bat astroviruses in Lao PDR and Cambodia,"Infect. Genet. Evol. 47, 41-50 (2017)",https://pubmed.ncbi.nlm.nih.gov/27871796/
KX858503,Diversity of bat astroviruses in Lao PDR and Cambodia,"Infect. Genet. Evol. 47, 41-50 (2017)",https://pubmed.ncbi.nlm.nih.gov/27871796/
KX858502,Diversity of bat astroviruses in Lao PDR and Cambodia,"Infect. Genet. Evol. 47, 41-50 (2017)",https://pubmed.ncbi.nlm.nih.gov/27871796/
KX858501,Diversity of bat astroviruses in Lao PDR and Cambodia,"Infect. Genet. Evol. 47, 41-50 (2017)",https://pubmed.ncbi.nlm.nih.gov/27871796/
KX858500,Diversity of bat astroviruses in Lao PDR and Cambodia,"Infect. Genet. Evol. 47, 41-50 (2017)",https://pubmed.ncbi.nlm.nih.gov/27871796/
KX858499,Diversity of bat astroviruses in Lao PDR and Cambodia,"Infect. Genet. Evol. 47, 41-50 (2017)",https://pubmed.ncbi.nlm.nih.gov/27871796/
KX858498,Diversity of bat astroviruses in Lao PDR and Cambodia,"Infect. Genet. Evol. 47, 41-50 (2017)",https://pubmed.ncbi.nlm.nih.gov/27871796/
KX858497,Diversity of bat astroviruses in Lao PDR and Cambodia,"Infect. Genet. Evol. 47, 41-50 (2017)",https://pubmed.ncbi.nlm.nih.gov/27871796/
KX858496,Diversity of bat astroviruses in Lao PDR and Cambodia,"Infect. Genet. Evol. 47, 41-50 (2017)",https://pubmed.ncbi.nlm.nih.gov/27871796/
KX858495,Diversity of bat astroviruses in Lao PDR and Cambodia,"Infect. Genet. Evol. 47, 41-50 (2017)",https://pubmed.ncbi.nlm.nih.gov/27871796/
KX858494,Diversity of bat astroviruses in Lao PDR and Cambodia,"Infect. Genet. Evol. 47, 41-50 (2017)",https://pubmed.ncbi.nlm.nih.gov/27871796/
KX858493,Diversity of bat astroviruses in Lao PDR and Cambodia,"Infect. Genet. Evol. 47, 41-50 (2017)",https://pubmed.ncbi.nlm.nih.gov/27871796/
KX858465,Diversity of bat astroviruses in Lao PDR and Cambodia,"Infect. Genet. Evol. 47, 41-50 (2017)",https://pubmed.ncbi.nlm.nih.gov/27871796/
KX858462,Diversity of bat astroviruses in Lao PDR and Cambodia,"Infect. Genet. Evol. 47, 41-50 (2017)",https://pubmed.ncbi.nlm.nih.gov/27871796/
KX858461,Diversity of bat astroviruses in Lao PDR and Cambodia,"Infect. Genet. Evol. 47, 41-50 (2017)",https://pubmed.ncbi.nlm.nih.gov/27871796/
KX858460,Diversity of bat astroviruses in Lao PDR and Cambodia,"Infect. Genet. Evol. 47, 41-50 (2017)",https://pubmed.ncbi.nlm.nih.gov/27871796/
KX858459,Diversity of bat astroviruses in Lao PDR and Cambodia,"Infect. Genet. Evol. 47, 41-50 (2017)",https://pubmed.ncbi.nlm.nih.gov/27871796/
KX858456,Diversity of bat astroviruses in Lao PDR and Cambodia,"Infect. Genet. Evol. 47, 41-50 (2017)",https://pubmed.ncbi.nlm.nih.gov/27871796/
KX858453,Diversity of bat astroviruses in Lao PDR and Cambodia,"Infect. Genet. Evol. 47, 41-50 (2017)",https://pubmed.ncbi.nlm.nih.gov/27871796/
KX858451,Diversity of bat astroviruses in Lao PDR and Cambodia,"Infect. Genet. Evol. 47, 41-50 (2017)",https://pubmed.ncbi.nlm.nih.gov/27871796/
KX858450,Diversity of bat astroviruses in Lao PDR and Cambodia,"Infect. Genet. Evol. 47, 41-50 (2017)",https://pubmed.ncbi.nlm.nih.gov/27871796/
KX858449,Diversity of bat astroviruses in Lao PDR and Cambodia,"Infect. Genet. Evol. 47, 41-50 (2017)",https://pubmed.ncbi.nlm.nih.gov/27871796/
KX858447,Diversity of bat astroviruses in Lao PDR and Cambodia,"Infect. Genet. Evol. 47, 41-50 (2017)",https://pubmed.ncbi.nlm.nih.gov/27871796/
KX858444,Diversity of bat astroviruses in Lao PDR and Cambodia,"Infect. Genet. Evol. 47, 41-50 (2017)",https://pubmed.ncbi.nlm.nih.gov/27871796/
KX858440,Diversity of bat astroviruses in Lao PDR and Cambodia,"Infect. Genet. Evol. 47, 41-50 (2017)",https://pubmed.ncbi.nlm.nih.gov/27871796/
KX858439,Diversity of bat astroviruses in Lao PDR and Cambodia,"Infect. Genet. Evol. 47, 41-50 (2017)",https://pubmed.ncbi.nlm.nih.gov/27871796/
KX858437,Diversity of bat astroviruses in Lao PDR and Cambodia,"Infect. Genet. Evol. 47, 41-50 (2017)",https://pubmed.ncbi.nlm.nih.gov/27871796/
KX858431,Diversity of bat astroviruses in Lao PDR and Cambodia,"Infect. Genet. Evol. 47, 41-50 (2017)",https://pubmed.ncbi.nlm.nih.gov/27871796/
KX858430,Diversity of bat astroviruses in Lao PDR and Cambodia,"Infect. Genet. Evol. 47, 41-50 (2017)",https://pubmed.ncbi.nlm.nih.gov/27871796/
KX858428,Diversity of bat astroviruses in Lao PDR and Cambodia,"Infect. Genet. Evol. 47, 41-50 (2017)",https://pubmed.ncbi.nlm.nih.gov/27871796/
KX858427,Diversity of bat astroviruses in Lao PDR and Cambodia,"Infect. Genet. Evol. 47, 41-50 (2017)",https://pubmed.ncbi.nlm.nih.gov/27871796/
KX858426,Diversity of bat astroviruses in Lao PDR and Cambodia,"Infect. Genet. Evol. 47, 41-50 (2017)",https://pubmed.ncbi.nlm.nih.gov/27871796/
KX858392,Diversity of bat astroviruses in Lao PDR and Cambodia,"Infect. Genet. Evol. 47, 41-50 (2017)",https://pubmed.ncbi.nlm.nih.gov/27871796/
KX858391,Diversity of bat astroviruses in Lao PDR and Cambodia,"Infect. Genet. Evol. 47, 41-50 (2017)",https://pubmed.ncbi.nlm.nih.gov/27871796/
KX858390,Diversity of bat astroviruses in Lao PDR and Cambodia,"Infect. Genet. Evol. 47, 41-50 (2017)",https://pubmed.ncbi.nlm.nih.gov/27871796/
KX858389,Diversity of bat astroviruses in Lao PDR and Cambodia,"Infect. Genet. Evol. 47, 41-50 (2017)",https://pubmed.ncbi.nlm.nih.gov/27871796/
KX858388,Diversity of bat astroviruses in Lao PDR and Cambodia,"Infect. Genet. Evol. 47, 41-50 (2017)",https://pubmed.ncbi.nlm.nih.gov/27871796/
KX858387,Diversity of bat astroviruses in Lao PDR and Cambodia,"Infect. Genet. Evol. 47, 41-50 (2017)",https://pubmed.ncbi.nlm.nih.gov/27871796/
KX858386,Diversity of bat astroviruses in Lao PDR and Cambodia,"Infect. Genet. Evol. 47, 41-50 (2017)",https://pubmed.ncbi.nlm.nih.gov/27871796/
KX858385,Diversity of bat astroviruses in Lao PDR and Cambodia,"Infect. Genet. Evol. 47, 41-50 (2017)",https://pubmed.ncbi.nlm.nih.gov/27871796/
KX858384,Diversity of bat astroviruses in Lao PDR and Cambodia,"Infect. Genet. Evol. 47, 41-50 (2017)",https://pubmed.ncbi.nlm.nih.gov/27871796/
KX858380,Diversity of bat astroviruses in Lao PDR and Cambodia,"Infect. Genet. Evol. 47, 41-50 (2017)",https://pubmed.ncbi.nlm.nih.gov/27871796/
KX858379,Diversity of bat astroviruses in Lao PDR and Cambodia,"Infect. Genet. Evol. 47, 41-50 (2017)",https://pubmed.ncbi.nlm.nih.gov/27871796/
KX858378,Diversity of bat astroviruses in Lao PDR and Cambodia,"Infect. Genet. Evol. 47, 41-50 (2017)",https://pubmed.ncbi.nlm.nih.gov/27871796/
KX858377,Diversity of bat astroviruses in Lao PDR and Cambodia,"Infect. Genet. Evol. 47, 41-50 (2017)",https://pubmed.ncbi.nlm.nih.gov/27871796/
KX858376,Diversity of bat astroviruses in Lao PDR and Cambodia,"Infect. Genet. Evol. 47, 41-50 (2017)",https://pubmed.ncbi.nlm.nih.gov/27871796/
KX858374,Diversity of bat astroviruses in Lao PDR and Cambodia,"Infect. Genet. Evol. 47, 41-50 (2017)",https://pubmed.ncbi.nlm.nih.gov/27871796/
KX858373,Diversity of bat astroviruses in Lao PDR and Cambodia,"Infect. Genet. Evol. 47, 41-50 (2017)",https://pubmed.ncbi.nlm.nih.gov/27871796/
KX858372,Diversity of bat astroviruses in Lao PDR and Cambodia,"Infect. Genet. Evol. 47, 41-50 (2017)",https://pubmed.ncbi.nlm.nih.gov/27871796/
KX858371,Diversity of bat astroviruses in Lao PDR and Cambodia,"Infect. Genet. Evol. 47, 41-50 (2017)",https://pubmed.ncbi.nlm.nih.gov/27871796/
KX858370,Diversity of bat astroviruses in Lao PDR and Cambodia,"Infect. Genet. Evol. 47, 41-50 (2017)",https://pubmed.ncbi.nlm.nih.gov/27871796/
KX858368,Diversity of bat astroviruses in Lao PDR and Cambodia,"Infect. Genet. Evol. 47, 41-50 (2017)",https://pubmed.ncbi.nlm.nih.gov/27871796/
KX858367,Diversity of bat astroviruses in Lao PDR and Cambodia,"Infect. Genet. Evol. 47, 41-50 (2017)",https://pubmed.ncbi.nlm.nih.gov/27871796/
KX858366,Diversity of bat astroviruses in Lao PDR and Cambodia,"Infect. Genet. Evol. 47, 41-50 (2017)",https://pubmed.ncbi.nlm.nih.gov/27871796/
KX858365,Diversity of bat astroviruses in Lao PDR and Cambodia,"Infect. Genet. Evol. 47, 41-50 (2017)",https://pubmed.ncbi.nlm.nih.gov/27871796/
KX858364,Diversity of bat astroviruses in Lao PDR and Cambodia,"Infect. Genet. Evol. 47, 41-50 (2017)",https://pubmed.ncbi.nlm.nih.gov/27871796/
KX858363,Diversity of bat astroviruses in Lao PDR and Cambodia,"Infect. Genet. Evol. 47, 41-50 (2017)",https://pubmed.ncbi.nlm.nih.gov/27871796/
KX858362,Diversity of bat astroviruses in Lao PDR and Cambodia,"Infect. Genet. Evol. 47, 41-50 (2017)",https://pubmed.ncbi.nlm.nih.gov/27871796/
KX858360,Diversity of bat astroviruses in Lao PDR and Cambodia,"Infect. Genet. Evol. 47, 41-50 (2017)",https://pubmed.ncbi.nlm.nih.gov/27871796/
KX858359,Diversity of bat astroviruses in Lao PDR and Cambodia,"Infect. Genet. Evol. 47, 41-50 (2017)",https://pubmed.ncbi.nlm.nih.gov/27871796/
KX858358,Diversity of bat astroviruses in Lao PDR and Cambodia,"Infect. Genet. Evol. 47, 41-50 (2017)",https://pubmed.ncbi.nlm.nih.gov/27871796/
KX858357,Diversity of bat astroviruses in Lao PDR and Cambodia,"Infect. Genet. Evol. 47, 41-50 (2017)",https://pubmed.ncbi.nlm.nih.gov/27871796/
KX858356,Diversity of bat astroviruses in Lao PDR and Cambodia,"Infect. Genet. Evol. 47, 41-50 (2017)",https://pubmed.ncbi.nlm.nih.gov/27871796/
KX858355,Diversity of bat astroviruses in Lao PDR and Cambodia,"Infect. Genet. Evol. 47, 41-50 (2017)",https://pubmed.ncbi.nlm.nih.gov/27871796/
KX858354,Diversity of bat astroviruses in Lao PDR and Cambodia,"Infect. Genet. Evol. 47, 41-50 (2017)",https://pubmed.ncbi.nlm.nih.gov/27871796/
KX858353,Diversity of bat astroviruses in Lao PDR and Cambodia,"Infect. Genet. Evol. 47, 41-50 (2017)",https://pubmed.ncbi.nlm.nih.gov/27871796/
KX858351,Diversity of bat astroviruses in Lao PDR and Cambodia,"Infect. Genet. Evol. 47, 41-50 (2017)",https://pubmed.ncbi.nlm.nih.gov/27871796/
KX858350,Diversity of bat astroviruses in Lao PDR and Cambodia,"Infect. Genet. Evol. 47, 41-50 (2017)",https://pubmed.ncbi.nlm.nih.gov/27871796/
KX858349,Diversity of bat astroviruses in Lao PDR and Cambodia,"Infect. Genet. Evol. 47, 41-50 (2017)",https://pubmed.ncbi.nlm.nih.gov/27871796/
KU510484,"Characterization and phylogenetic analysis of new bat astroviruses detected in Gabon, Central Africa","Acta Virol. 60 (4), 386-392 (2016)",https://pubmed.ncbi.nlm.nih.gov/27928918/
KU510483,"Characterization and phylogenetic analysis of new bat astroviruses detected in Gabon, Central Africa","Acta Virol. 60 (4), 386-392 (2016)",https://pubmed.ncbi.nlm.nih.gov/27928918/
KU510482,"Characterization and phylogenetic analysis of new bat astroviruses detected in Gabon, Central Africa","Acta Virol. 60 (4), 386-392 (2016)",https://pubmed.ncbi.nlm.nih.gov/27928918/
KU510481,"Characterization and phylogenetic analysis of new bat astroviruses detected in Gabon, Central Africa","Acta Virol. 60 (4), 386-392 (2016)",https://pubmed.ncbi.nlm.nih.gov/27928918/
KU510480,"Characterization and phylogenetic analysis of new bat astroviruses detected in Gabon, Central Africa","Acta Virol. 60 (4), 386-392 (2016)",https://pubmed.ncbi.nlm.nih.gov/27928918/
KU510479,"Characterization and phylogenetic analysis of new bat astroviruses detected in Gabon, Central Africa","Acta Virol. 60 (4), 386-392 (2016)",https://pubmed.ncbi.nlm.nih.gov/27928918/
KU510478,"Characterization and phylogenetic analysis of new bat astroviruses detected in Gabon, Central Africa","Acta Virol. 60 (4), 386-392 (2016)",https://pubmed.ncbi.nlm.nih.gov/27928918/
KU510477,"Characterization and phylogenetic analysis of new bat astroviruses detected in Gabon, Central Africa","Acta Virol. 60 (4), 386-392 (2016)",https://pubmed.ncbi.nlm.nih.gov/27928918/
KU510476,"Characterization and phylogenetic analysis of new bat astroviruses detected in Gabon, Central Africa","Acta Virol. 60 (4), 386-392 (2016)",https://pubmed.ncbi.nlm.nih.gov/27928918/
KU510475,"Characterization and phylogenetic analysis of new bat astroviruses detected in Gabon, Central Africa","Acta Virol. 60 (4), 386-392 (2016)",https://pubmed.ncbi.nlm.nih.gov/27928918/
KU510474,"Characterization and phylogenetic analysis of new bat astroviruses detected in Gabon, Central Africa","Acta Virol. 60 (4), 386-392 (2016)",https://pubmed.ncbi.nlm.nih.gov/27928918/
KU510473,"Characterization and phylogenetic analysis of new bat astroviruses detected in Gabon, Central Africa","Acta Virol. 60 (4), 386-392 (2016)",https://pubmed.ncbi.nlm.nih.gov/27928918/
KU510472,"Characterization and phylogenetic analysis of new bat astroviruses detected in Gabon, Central Africa","Acta Virol. 60 (4), 386-392 (2016)",https://pubmed.ncbi.nlm.nih.gov/27928918/
KU510471,"Characterization and phylogenetic analysis of new bat astroviruses detected in Gabon, Central Africa","Acta Virol. 60 (4), 386-392 (2016)",https://pubmed.ncbi.nlm.nih.gov/27928918/
KU510470,"Characterization and phylogenetic analysis of new bat astroviruses detected in Gabon, Central Africa","Acta Virol. 60 (4), 386-392 (2016)",https://pubmed.ncbi.nlm.nih.gov/27928918/
KU510469,"Characterization and phylogenetic analysis of new bat astroviruses detected in Gabon, Central Africa","Acta Virol. 60 (4), 386-392 (2016)",https://pubmed.ncbi.nlm.nih.gov/27928918/
KU510468,"Characterization and phylogenetic analysis of new bat astroviruses detected in Gabon, Central Africa","Acta Virol. 60 (4), 386-392 (2016)",https://pubmed.ncbi.nlm.nih.gov/27928918/
KU510467,"Characterization and phylogenetic analysis of new bat astroviruses detected in Gabon, Central Africa","Acta Virol. 60 (4), 386-392 (2016)",https://pubmed.ncbi.nlm.nih.gov/27928918/
KU510466,"Characterization and phylogenetic analysis of new bat astroviruses detected in Gabon, Central Africa","Acta Virol. 60 (4), 386-392 (2016)",https://pubmed.ncbi.nlm.nih.gov/27928918/
KU510465,"Characterization and phylogenetic analysis of new bat astroviruses detected in Gabon, Central Africa","Acta Virol. 60 (4), 386-392 (2016)",https://pubmed.ncbi.nlm.nih.gov/27928918/
KU510464,"Characterization and phylogenetic analysis of new bat astroviruses detected in Gabon, Central Africa","Acta Virol. 60 (4), 386-392 (2016)",https://pubmed.ncbi.nlm.nih.gov/27928918/
KU510463,"Characterization and phylogenetic analysis of new bat astroviruses detected in Gabon, Central Africa","Acta Virol. 60 (4), 386-392 (2016)",https://pubmed.ncbi.nlm.nih.gov/27928918/
KU510462,"Characterization and phylogenetic analysis of new bat astroviruses detected in Gabon, Central Africa","Acta Virol. 60 (4), 386-392 (2016)",https://pubmed.ncbi.nlm.nih.gov/27928918/
KU510461,"Characterization and phylogenetic analysis of new bat astroviruses detected in Gabon, Central Africa","Acta Virol. 60 (4), 386-392 (2016)",https://pubmed.ncbi.nlm.nih.gov/27928918/
KU510460,"Characterization and phylogenetic analysis of new bat astroviruses detected in Gabon, Central Africa","Acta Virol. 60 (4), 386-392 (2016)",https://pubmed.ncbi.nlm.nih.gov/27928918/
KU510459,"Characterization and phylogenetic analysis of new bat astroviruses detected in Gabon, Central Africa","Acta Virol. 60 (4), 386-392 (2016)",https://pubmed.ncbi.nlm.nih.gov/27928918/
KU510458,"Characterization and phylogenetic analysis of new bat astroviruses detected in Gabon, Central Africa","Acta Virol. 60 (4), 386-392 (2016)",https://pubmed.ncbi.nlm.nih.gov/27928918/
KU510457,"Characterization and phylogenetic analysis of new bat astroviruses detected in Gabon, Central Africa","Acta Virol. 60 (4), 386-392 (2016)",https://pubmed.ncbi.nlm.nih.gov/27928918/
KU510456,"Characterization and phylogenetic analysis of new bat astroviruses detected in Gabon, Central Africa","Acta Virol. 60 (4), 386-392 (2016)",https://pubmed.ncbi.nlm.nih.gov/27928918/
KU510455,"Characterization and phylogenetic analysis of new bat astroviruses detected in Gabon, Central Africa","Acta Virol. 60 (4), 386-392 (2016)",https://pubmed.ncbi.nlm.nih.gov/27928918/
KU510454,"Characterization and phylogenetic analysis of new bat astroviruses detected in Gabon, Central Africa","Acta Virol. 60 (4), 386-392 (2016)",https://pubmed.ncbi.nlm.nih.gov/27928918/
KU510453,"Characterization and phylogenetic analysis of new bat astroviruses detected in Gabon, Central Africa","Acta Virol. 60 (4), 386-392 (2016)",https://pubmed.ncbi.nlm.nih.gov/27928918/
KU510452,"Characterization and phylogenetic analysis of new bat astroviruses detected in Gabon, Central Africa","Acta Virol. 60 (4), 386-392 (2016)",https://pubmed.ncbi.nlm.nih.gov/27928918/
KU510451,"Characterization and phylogenetic analysis of new bat astroviruses detected in Gabon, Central Africa","Acta Virol. 60 (4), 386-392 (2016)",https://pubmed.ncbi.nlm.nih.gov/27928918/
KU510450,"Characterization and phylogenetic analysis of new bat astroviruses detected in Gabon, Central Africa","Acta Virol. 60 (4), 386-392 (2016)",https://pubmed.ncbi.nlm.nih.gov/27928918/
KU510449,"Characterization and phylogenetic analysis of new bat astroviruses detected in Gabon, Central Africa","Acta Virol. 60 (4), 386-392 (2016)",https://pubmed.ncbi.nlm.nih.gov/27928918/
KU510448,"Characterization and phylogenetic analysis of new bat astroviruses detected in Gabon, Central Africa","Acta Virol. 60 (4), 386-392 (2016)",https://pubmed.ncbi.nlm.nih.gov/27928918/
KU510447,"Characterization and phylogenetic analysis of new bat astroviruses detected in Gabon, Central Africa","Acta Virol. 60 (4), 386-392 (2016)",https://pubmed.ncbi.nlm.nih.gov/27928918/
KU510446,"Characterization and phylogenetic analysis of new bat astroviruses detected in Gabon, Central Africa","Acta Virol. 60 (4), 386-392 (2016)",https://pubmed.ncbi.nlm.nih.gov/27928918/
KU510445,"Characterization and phylogenetic analysis of new bat astroviruses detected in Gabon, Central Africa","Acta Virol. 60 (4), 386-392 (2016)",https://pubmed.ncbi.nlm.nih.gov/27928918/
KU510444,"Characterization and phylogenetic analysis of new bat astroviruses detected in Gabon, Central Africa","Acta Virol. 60 (4), 386-392 (2016)",https://pubmed.ncbi.nlm.nih.gov/27928918/
KU510443,"Characterization and phylogenetic analysis of new bat astroviruses detected in Gabon, Central Africa","Acta Virol. 60 (4), 386-392 (2016)",https://pubmed.ncbi.nlm.nih.gov/27928918/
KU510442,"Characterization and phylogenetic analysis of new bat astroviruses detected in Gabon, Central Africa","Acta Virol. 60 (4), 386-392 (2016)",https://pubmed.ncbi.nlm.nih.gov/27928918/
KU510441,"Characterization and phylogenetic analysis of new bat astroviruses detected in Gabon, Central Africa","Acta Virol. 60 (4), 386-392 (2016)",https://pubmed.ncbi.nlm.nih.gov/27928918/
KX645667,Diversity of bat astroviruses in Lao PDR and Cambodia,"Infect. Genet. Evol. 47, 41-50 (2016)",https://pubmed.ncbi.nlm.nih.gov/27871796/
HM368175,Amplification of emerging viruses in a bat colony,"Emerging Infect. Dis. 17 (3), 449-456 (2011)",https://pubmed.ncbi.nlm.nih.gov/21392436/
HM368174,Amplification of emerging viruses in a bat colony,"Emerging Infect. Dis. 17 (3), 449-456 (2011)",https://pubmed.ncbi.nlm.nih.gov/21392436/
HM368173,Amplification of emerging viruses in a bat colony,"Emerging Infect. Dis. 17 (3), 449-456 (2011)",https://pubmed.ncbi.nlm.nih.gov/21392436/
HM368172,Amplification of emerging viruses in a bat colony,"Emerging Infect. Dis. 17 (3), 449-456 (2011)",https://pubmed.ncbi.nlm.nih.gov/21392436/
HM368171,Amplification of emerging viruses in a bat colony,"Emerging Infect. Dis. 17 (3), 449-456 (2011)",https://pubmed.ncbi.nlm.nih.gov/21392436/
HM368170,Amplification of emerging viruses in a bat colony,"Emerging Infect. Dis. 17 (3), 449-456 (2011)",https://pubmed.ncbi.nlm.nih.gov/21392436/
HM368169,Amplification of emerging viruses in a bat colony,"Emerging Infect. Dis. 17 (3), 449-456 (2011)",https://pubmed.ncbi.nlm.nih.gov/21392436/
HM368168,Amplification of emerging viruses in a bat colony,"Emerging Infect. Dis. 17 (3), 449-456 (2011)",https://pubmed.ncbi.nlm.nih.gov/21392436/
HQ613178,Isolation and phylogenetic characterization of bat astroviruses in southern China,"Arch. Virol. 156 (8), 1415-1423 (2011)",https://pubmed.ncbi.nlm.nih.gov/21573690/
HQ613177,Isolation and phylogenetic characterization of bat astroviruses in southern China,"Arch. Virol. 156 (8), 1415-1423 (2011)",https://pubmed.ncbi.nlm.nih.gov/21573690/
HQ613176,Isolation and phylogenetic characterization of bat astroviruses in southern China,"Arch. Virol. 156 (8), 1415-1423 (2011)",https://pubmed.ncbi.nlm.nih.gov/21573690/
HQ613175,Isolation and phylogenetic characterization of bat astroviruses in southern China,"Arch. Virol. 156 (8), 1415-1423 (2011)",https://pubmed.ncbi.nlm.nih.gov/21573690/
HQ613174,Isolation and phylogenetic characterization of bat astroviruses in southern China,"Arch. Virol. 156 (8), 1415-1423 (2011)",https://pubmed.ncbi.nlm.nih.gov/21573690/
HQ613173,Isolation and phylogenetic characterization of bat astroviruses in southern China,"Arch. Virol. 156 (8), 1415-1423 (2011)",https://pubmed.ncbi.nlm.nih.gov/21573690/
HQ613172,Isolation and phylogenetic characterization of bat astroviruses in southern China,"Arch. Virol. 156 (8), 1415-1423 (2011)",https://pubmed.ncbi.nlm.nih.gov/21573690/
HQ613171,Isolation and phylogenetic characterization of bat astroviruses in southern China,"Arch. Virol. 156 (8), 1415-1423 (2011)",https://pubmed.ncbi.nlm.nih.gov/21573690/
HQ613170,Isolation and phylogenetic characterization of bat astroviruses in southern China,"Arch. Virol. 156 (8), 1415-1423 (2011)",https://pubmed.ncbi.nlm.nih.gov/21573690/
HQ613169,Isolation and phylogenetic characterization of bat astroviruses in southern China,"Arch. Virol. 156 (8), 1415-1423 (2011)",https://pubmed.ncbi.nlm.nih.gov/21573690/
HQ613168,Isolation and phylogenetic characterization of bat astroviruses in southern China,"Arch. Virol. 156 (8), 1415-1423 (2011)",https://pubmed.ncbi.nlm.nih.gov/21573690/
HQ613167,Isolation and phylogenetic characterization of bat astroviruses in southern China,"Arch. Virol. 156 (8), 1415-1423 (2011)",https://pubmed.ncbi.nlm.nih.gov/21573690/
HQ613166,Isolation and phylogenetic characterization of bat astroviruses in southern China,"Arch. Virol. 156 (8), 1415-1423 (2011)",https://pubmed.ncbi.nlm.nih.gov/21573690/
HQ613165,Isolation and phylogenetic characterization of bat astroviruses in southern China,"Arch. Virol. 156 (8), 1415-1423 (2011)",https://pubmed.ncbi.nlm.nih.gov/21573690/
HQ613164,Isolation and phylogenetic characterization of bat astroviruses in southern China,"Arch. Virol. 156 (8), 1415-1423 (2011)",https://pubmed.ncbi.nlm.nih.gov/21573690/
HQ613163,Isolation and phylogenetic characterization of bat astroviruses in southern China,"Arch. Virol. 156 (8), 1415-1423 (2011)",https://pubmed.ncbi.nlm.nih.gov/21573690/
HQ613162,Isolation and phylogenetic characterization of bat astroviruses in southern China,"Arch. Virol. 156 (8), 1415-1423 (2011)",https://pubmed.ncbi.nlm.nih.gov/21573690/
HQ613161,Isolation and phylogenetic characterization of bat astroviruses in southern China,"Arch. Virol. 156 (8), 1415-1423 (2011)",https://pubmed.ncbi.nlm.nih.gov/21573690/
HQ613160,Isolation and phylogenetic characterization of bat astroviruses in southern China,"Arch. Virol. 156 (8), 1415-1423 (2011)",https://pubmed.ncbi.nlm.nih.gov/21573690/
HQ613159,Isolation and phylogenetic characterization of bat astroviruses in southern China,"Arch. Virol. 156 (8), 1415-1423 (2011)",https://pubmed.ncbi.nlm.nih.gov/21573690/
HQ613158,Isolation and phylogenetic characterization of bat astroviruses in southern China,"Arch. Virol. 156 (8), 1415-1423 (2011)",https://pubmed.ncbi.nlm.nih.gov/21573690/
HQ613157,Isolation and phylogenetic characterization of bat astroviruses in southern China,"Arch. Virol. 156 (8), 1415-1423 (2011)",https://pubmed.ncbi.nlm.nih.gov/21573690/
HM228876,Bat guano virome: predominance of dietary viruses from insects and plants plus novel mammalian viruses,"J. Virol. 84 (14), 6955-6965 (2010)",https://pubmed.ncbi.nlm.nih.gov/20463061/
FJ571140,Detection of diverse astroviruses from bats in China,"J. Gen. Virol. 90 (PT 4), 883-887 (2009)",https://pubmed.ncbi.nlm.nih.gov/19264622/
FJ571139,Detection of diverse astroviruses from bats in China,"J. Gen. Virol. 90 (PT 4), 883-887 (2009)",https://pubmed.ncbi.nlm.nih.gov/19264622/
FJ571138,Detection of diverse astroviruses from bats in China,"J. Gen. Virol. 90 (PT 4), 883-887 (2009)",https://pubmed.ncbi.nlm.nih.gov/19264622/
FJ571137,Detection of diverse astroviruses from bats in China,"J. Gen. Virol. 90 (PT 4), 883-887 (2009)",https://pubmed.ncbi.nlm.nih.gov/19264622/
FJ571136,Detection of diverse astroviruses from bats in China,"J. Gen. Virol. 90 (PT 4), 883-887 (2009)",https://pubmed.ncbi.nlm.nih.gov/19264622/
FJ571135,Detection of diverse astroviruses from bats in China,"J. Gen. Virol. 90 (PT 4), 883-887 (2009)",https://pubmed.ncbi.nlm.nih.gov/19264622/
FJ571134,Detection of diverse astroviruses from bats in China,"J. Gen. Virol. 90 (PT 4), 883-887 (2009)",https://pubmed.ncbi.nlm.nih.gov/19264622/
FJ571133,Detection of diverse astroviruses from bats in China,"J. Gen. Virol. 90 (PT 4), 883-887 (2009)",https://pubmed.ncbi.nlm.nih.gov/19264622/
FJ571132,Detection of diverse astroviruses from bats in China,"J. Gen. Virol. 90 (PT 4), 883-887 (2009)",https://pubmed.ncbi.nlm.nih.gov/19264622/
FJ571131,Detection of diverse astroviruses from bats in China,"J. Gen. Virol. 90 (PT 4), 883-887 (2009)",https://pubmed.ncbi.nlm.nih.gov/19264622/
FJ571130,Detection of diverse astroviruses from bats in China,"J. Gen. Virol. 90 (PT 4), 883-887 (2009)",https://pubmed.ncbi.nlm.nih.gov/19264622/
FJ571129,Detection of diverse astroviruses from bats in China,"J. Gen. Virol. 90 (PT 4), 883-887 (2009)",https://pubmed.ncbi.nlm.nih.gov/19264622/
FJ571128,Detection of diverse astroviruses from bats in China,"J. Gen. Virol. 90 (PT 4), 883-887 (2009)",https://pubmed.ncbi.nlm.nih.gov/19264622/
FJ571127,Detection of diverse astroviruses from bats in China,"J. Gen. Virol. 90 (PT 4), 883-887 (2009)",https://pubmed.ncbi.nlm.nih.gov/19264622/
FJ571126,Detection of diverse astroviruses from bats in China,"J. Gen. Virol. 90 (PT 4), 883-887 (2009)",https://pubmed.ncbi.nlm.nih.gov/19264622/
FJ571125,Detection of diverse astroviruses from bats in China,"J. Gen. Virol. 90 (PT 4), 883-887 (2009)",https://pubmed.ncbi.nlm.nih.gov/19264622/
FJ571124,Detection of diverse astroviruses from bats in China,"J. Gen. Virol. 90 (PT 4), 883-887 (2009)",https://pubmed.ncbi.nlm.nih.gov/19264622/
FJ571123,Detection of diverse astroviruses from bats in China,"J. Gen. Virol. 90 (PT 4), 883-887 (2009)",https://pubmed.ncbi.nlm.nih.gov/19264622/
FJ571122,Detection of diverse astroviruses from bats in China,"J. Gen. Virol. 90 (PT 4), 883-887 (2009)",https://pubmed.ncbi.nlm.nih.gov/19264622/
FJ571121,Detection of diverse astroviruses from bats in China,"J. Gen. Virol. 90 (PT 4), 883-887 (2009)",https://pubmed.ncbi.nlm.nih.gov/19264622/
FJ571120,Detection of diverse astroviruses from bats in China,"J. Gen. Virol. 90 (PT 4), 883-887 (2009)",https://pubmed.ncbi.nlm.nih.gov/19264622/
FJ571119,Detection of diverse astroviruses from bats in China,"J. Gen. Virol. 90 (PT 4), 883-887 (2009)",https://pubmed.ncbi.nlm.nih.gov/19264622/
FJ571118,Detection of diverse astroviruses from bats in China,"J. Gen. Virol. 90 (PT 4), 883-887 (2009)",https://pubmed.ncbi.nlm.nih.gov/19264622/
FJ571117,Detection of diverse astroviruses from bats in China,"J. Gen. Virol. 90 (PT 4), 883-887 (2009)",https://pubmed.ncbi.nlm.nih.gov/19264622/
FJ571116,Detection of diverse astroviruses from bats in China,"J. Gen. Virol. 90 (PT 4), 883-887 (2009)",https://pubmed.ncbi.nlm.nih.gov/19264622/
FJ571115,Detection of diverse astroviruses from bats in China,"J. Gen. Virol. 90 (PT 4), 883-887 (2009)",https://pubmed.ncbi.nlm.nih.gov/19264622/
FJ571114,Detection of diverse astroviruses from bats in China,"J. Gen. Virol. 90 (PT 4), 883-887 (2009)",https://pubmed.ncbi.nlm.nih.gov/19264622/
FJ571113,Detection of diverse astroviruses from bats in China,"J. Gen. Virol. 90 (PT 4), 883-887 (2009)",https://pubmed.ncbi.nlm.nih.gov/19264622/
FJ571112,Detection of diverse astroviruses from bats in China,"J. Gen. Virol. 90 (PT 4), 883-887 (2009)",https://pubmed.ncbi.nlm.nih.gov/19264622/
FJ571111,Detection of diverse astroviruses from bats in China,"J. Gen. Virol. 90 (PT 4), 883-887 (2009)",https://pubmed.ncbi.nlm.nih.gov/19264622/
FJ571110,Detection of diverse astroviruses from bats in China,"J. Gen. Virol. 90 (PT 4), 883-887 (2009)",https://pubmed.ncbi.nlm.nih.gov/19264622/
FJ571109,Detection of diverse astroviruses from bats in China,"J. Gen. Virol. 90 (PT 4), 883-887 (2009)",https://pubmed.ncbi.nlm.nih.gov/19264622/
FJ571108,Detection of diverse astroviruses from bats in China,"J. Gen. Virol. 90 (PT 4), 883-887 (2009)",https://pubmed.ncbi.nlm.nih.gov/19264622/
FJ571107,Detection of diverse astroviruses from bats in China,"J. Gen. Virol. 90 (PT 4), 883-887 (2009)",https://pubmed.ncbi.nlm.nih.gov/19264622/
FJ571106,Detection of diverse astroviruses from bats in China,"J. Gen. Virol. 90 (PT 4), 883-887 (2009)",https://pubmed.ncbi.nlm.nih.gov/19264622/
FJ571105,Detection of diverse astroviruses from bats in China,"J. Gen. Virol. 90 (PT 4), 883-887 (2009)",https://pubmed.ncbi.nlm.nih.gov/19264622/
FJ571104,Detection of diverse astroviruses from bats in China,"J. Gen. Virol. 90 (PT 4), 883-887 (2009)",https://pubmed.ncbi.nlm.nih.gov/19264622/
FJ571103,Detection of diverse astroviruses from bats in China,"J. Gen. Virol. 90 (PT 4), 883-887 (2009)",https://pubmed.ncbi.nlm.nih.gov/19264622/
FJ571102,Detection of diverse astroviruses from bats in China,"J. Gen. Virol. 90 (PT 4), 883-887 (2009)",https://pubmed.ncbi.nlm.nih.gov/19264622/
FJ571101,Detection of diverse astroviruses from bats in China,"J. Gen. Virol. 90 (PT 4), 883-887 (2009)",https://pubmed.ncbi.nlm.nih.gov/19264622/
FJ571097,Detection of diverse astroviruses from bats in China,"J. Gen. Virol. 90 (PT 4), 883-887 (2009)",https://pubmed.ncbi.nlm.nih.gov/19264622/
FJ571096,Detection of diverse astroviruses from bats in China,"J. Gen. Virol. 90 (PT 4), 883-887 (2009)",https://pubmed.ncbi.nlm.nih.gov/19264622/
FJ571095,Detection of diverse astroviruses from bats in China,"J. Gen. Virol. 90 (PT 4), 883-887 (2009)",https://pubmed.ncbi.nlm.nih.gov/19264622/
FJ571094,Detection of diverse astroviruses from bats in China,"J. Gen. Virol. 90 (PT 4), 883-887 (2009)",https://pubmed.ncbi.nlm.nih.gov/19264622/
FJ571093,Detection of diverse astroviruses from bats in China,"J. Gen. Virol. 90 (PT 4), 883-887 (2009)",https://pubmed.ncbi.nlm.nih.gov/19264622/
FJ571092,Detection of diverse astroviruses from bats in China,"J. Gen. Virol. 90 (PT 4), 883-887 (2009)",https://pubmed.ncbi.nlm.nih.gov/19264622/
FJ571091,Detection of diverse astroviruses from bats in China,"J. Gen. Virol. 90 (PT 4), 883-887 (2009)",https://pubmed.ncbi.nlm.nih.gov/19264622/
FJ571090,Detection of diverse astroviruses from bats in China,"J. Gen. Virol. 90 (PT 4), 883-887 (2009)",https://pubmed.ncbi.nlm.nih.gov/19264622/
FJ571089,Detection of diverse astroviruses from bats in China,"J. Gen. Virol. 90 (PT 4), 883-887 (2009)",https://pubmed.ncbi.nlm.nih.gov/19264622/
FJ571088,Detection of diverse astroviruses from bats in China,"J. Gen. Virol. 90 (PT 4), 883-887 (2009)",https://pubmed.ncbi.nlm.nih.gov/19264622/
FJ571087,Detection of diverse astroviruses from bats in China,"J. Gen. Virol. 90 (PT 4), 883-887 (2009)",https://pubmed.ncbi.nlm.nih.gov/19264622/
FJ571086,Detection of diverse astroviruses from bats in China,"J. Gen. Virol. 90 (PT 4), 883-887 (2009)",https://pubmed.ncbi.nlm.nih.gov/19264622/
FJ571085,Detection of diverse astroviruses from bats in China,"J. Gen. Virol. 90 (PT 4), 883-887 (2009)",https://pubmed.ncbi.nlm.nih.gov/19264622/
FJ571084,Detection of diverse astroviruses from bats in China,"J. Gen. Virol. 90 (PT 4), 883-887 (2009)",https://pubmed.ncbi.nlm.nih.gov/19264622/
FJ571083,Detection of diverse astroviruses from bats in China,"J. Gen. Virol. 90 (PT 4), 883-887 (2009)",https://pubmed.ncbi.nlm.nih.gov/19264622/
FJ571082,Detection of diverse astroviruses from bats in China,"J. Gen. Virol. 90 (PT 4), 883-887 (2009)",https://pubmed.ncbi.nlm.nih.gov/19264622/
FJ571081,Detection of diverse astroviruses from bats in China,"J. Gen. Virol. 90 (PT 4), 883-887 (2009)",https://pubmed.ncbi.nlm.nih.gov/19264622/
FJ571080,Detection of diverse astroviruses from bats in China,"J. Gen. Virol. 90 (PT 4), 883-887 (2009)",https://pubmed.ncbi.nlm.nih.gov/19264622/
FJ571079,Detection of diverse astroviruses from bats in China,"J. Gen. Virol. 90 (PT 4), 883-887 (2009)",https://pubmed.ncbi.nlm.nih.gov/19264622/
FJ571078,Detection of diverse astroviruses from bats in China,"J. Gen. Virol. 90 (PT 4), 883-887 (2009)",https://pubmed.ncbi.nlm.nih.gov/19264622/
FJ571077,Detection of diverse astroviruses from bats in China,"J. Gen. Virol. 90 (PT 4), 883-887 (2009)",https://pubmed.ncbi.nlm.nih.gov/19264622/
FJ571076,Detection of diverse astroviruses from bats in China,"J. Gen. Virol. 90 (PT 4), 883-887 (2009)",https://pubmed.ncbi.nlm.nih.gov/19264622/
FJ571075,Detection of diverse astroviruses from bats in China,"J. Gen. Virol. 90 (PT 4), 883-887 (2009)",https://pubmed.ncbi.nlm.nih.gov/19264622/
KJ571431,Detection of diverse novel astroviruses from small mammals in China,"J. Gen. Virol. 95 (PT 11), 2442-2449 (2014)",https://pubmed.ncbi.nlm.nih.gov/25034867/
KJ571430,Detection of diverse novel astroviruses from small mammals in China,"J. Gen. Virol. 95 (PT 11), 2442-2449 (2014)",https://pubmed.ncbi.nlm.nih.gov/25034867/
KJ571429,Detection of diverse novel astroviruses from small mammals in China,"J. Gen. Virol. 95 (PT 11), 2442-2449 (2014)",https://pubmed.ncbi.nlm.nih.gov/25034867/
KJ571428,Detection of diverse novel astroviruses from small mammals in China,"J. Gen. Virol. 95 (PT 11), 2442-2449 (2014)",https://pubmed.ncbi.nlm.nih.gov/25034867/
KJ571427,Detection of diverse novel astroviruses from small mammals in China,"J. Gen. Virol. 95 (PT 11), 2442-2449 (2014)",https://pubmed.ncbi.nlm.nih.gov/25034867/
KJ571426,Detection of diverse novel astroviruses from small mammals in China,"J. Gen. Virol. 95 (PT 11), 2442-2449 (2014)",https://pubmed.ncbi.nlm.nih.gov/25034867/
KJ571425,Detection of diverse novel astroviruses from small mammals in China,"J. Gen. Virol. 95 (PT 11), 2442-2449 (2014)",https://pubmed.ncbi.nlm.nih.gov/25034867/
KJ571424,Detection of diverse novel astroviruses from small mammals in China,"J. Gen. Virol. 95 (PT 11), 2442-2449 (2014)",https://pubmed.ncbi.nlm.nih.gov/25034867/
KJ571423,Detection of diverse novel astroviruses from small mammals in China,"J. Gen. Virol. 95 (PT 11), 2442-2449 (2014)",https://pubmed.ncbi.nlm.nih.gov/25034867/
KJ571422,Detection of diverse novel astroviruses from small mammals in China,"J. Gen. Virol. 95 (PT 11), 2442-2449 (2014)",https://pubmed.ncbi.nlm.nih.gov/25034867/
KJ571421,Detection of diverse novel astroviruses from small mammals in China,"J. Gen. Virol. 95 (PT 11), 2442-2449 (2014)",https://pubmed.ncbi.nlm.nih.gov/25034867/
KJ571420,Detection of diverse novel astroviruses from small mammals in China,"J. Gen. Virol. 95 (PT 11), 2442-2449 (2014)",https://pubmed.ncbi.nlm.nih.gov/25034867/
KJ571419,Detection of diverse novel astroviruses from small mammals in China,"J. Gen. Virol. 95 (PT 11), 2442-2449 (2014)",https://pubmed.ncbi.nlm.nih.gov/25034867/
KJ571418,Detection of diverse novel astroviruses from small mammals in China,"J. Gen. Virol. 95 (PT 11), 2442-2449 (2014)",https://pubmed.ncbi.nlm.nih.gov/25034867/
KJ571417,Detection of diverse novel astroviruses from small mammals in China,"J. Gen. Virol. 95 (PT 11), 2442-2449 (2014)",https://pubmed.ncbi.nlm.nih.gov/25034867/
KJ571416,Detection of diverse novel astroviruses from small mammals in China,"J. Gen. Virol. 95 (PT 11), 2442-2449 (2014)",https://pubmed.ncbi.nlm.nih.gov/25034867/
KJ571415,Detection of diverse novel astroviruses from small mammals in China,"J. Gen. Virol. 95 (PT 11), 2442-2449 (2014)",https://pubmed.ncbi.nlm.nih.gov/25034867/
KJ571414,Detection of diverse novel astroviruses from small mammals in China,"J. Gen. Virol. 95 (PT 11), 2442-2449 (2014)",https://pubmed.ncbi.nlm.nih.gov/25034867/
KJ571413,Detection of diverse novel astroviruses from small mammals in China,"J. Gen. Virol. 95 (PT 11), 2442-2449 (2014)",https://pubmed.ncbi.nlm.nih.gov/25034867/
KJ571412,Detection of diverse novel astroviruses from small mammals in China,"J. Gen. Virol. 95 (PT 11), 2442-2449 (2014)",https://pubmed.ncbi.nlm.nih.gov/25034867/
KJ571411,Detection of diverse novel astroviruses from small mammals in China,"J. Gen. Virol. 95 (PT 11), 2442-2449 (2014)",https://pubmed.ncbi.nlm.nih.gov/25034867/
KJ571410,Detection of diverse novel astroviruses from small mammals in China,"J. Gen. Virol. 95 (PT 11), 2442-2449 (2014)",https://pubmed.ncbi.nlm.nih.gov/25034867/
KJ571409,Detection of diverse novel astroviruses from small mammals in China,"J. Gen. Virol. 95 (PT 11), 2442-2449 (2014)",https://pubmed.ncbi.nlm.nih.gov/25034867/
KJ571408,Detection of diverse novel astroviruses from small mammals in China,"J. Gen. Virol. 95 (PT 11), 2442-2449 (2014)",https://pubmed.ncbi.nlm.nih.gov/25034867/
KJ571407,Detection of diverse novel astroviruses from small mammals in China,"J. Gen. Virol. 95 (PT 11), 2442-2449 (2014)",https://pubmed.ncbi.nlm.nih.gov/25034867/
KJ571406,Detection of diverse novel astroviruses from small mammals in China,"J. Gen. Virol. 95 (PT 11), 2442-2449 (2014)",https://pubmed.ncbi.nlm.nih.gov/25034867/
KJ571405,Detection of diverse novel astroviruses from small mammals in China,"J. Gen. Virol. 95 (PT 11), 2442-2449 (2014)",https://pubmed.ncbi.nlm.nih.gov/25034867/
KJ571404,Detection of diverse novel astroviruses from small mammals in China,"J. Gen. Virol. 95 (PT 11), 2442-2449 (2014)",https://pubmed.ncbi.nlm.nih.gov/25034867/
KJ571403,Detection of diverse novel astroviruses from small mammals in China,"J. Gen. Virol. 95 (PT 11), 2442-2449 (2014)",https://pubmed.ncbi.nlm.nih.gov/25034867/
KJ571402,Detection of diverse novel astroviruses from small mammals in China,"J. Gen. Virol. 95 (PT 11), 2442-2449 (2014)",https://pubmed.ncbi.nlm.nih.gov/25034867/
KJ571401,Detection of diverse novel astroviruses from small mammals in China,"J. Gen. Virol. 95 (PT 11), 2442-2449 (2014)",https://pubmed.ncbi.nlm.nih.gov/25034867/
KJ571400,Detection of diverse novel astroviruses from small mammals in China,"J. Gen. Virol. 95 (PT 11), 2442-2449 (2014)",https://pubmed.ncbi.nlm.nih.gov/25034867/
KJ571399,Detection of diverse novel astroviruses from small mammals in China,"J. Gen. Virol. 95 (PT 11), 2442-2449 (2014)",https://pubmed.ncbi.nlm.nih.gov/25034867/
KJ571398,Detection of diverse novel astroviruses from small mammals in China,"J. Gen. Virol. 95 (PT 11), 2442-2449 (2014)",https://pubmed.ncbi.nlm.nih.gov/25034867/
KJ571397,Detection of diverse novel astroviruses from small mammals in China,"J. Gen. Virol. 95 (PT 11), 2442-2449 (2014)",https://pubmed.ncbi.nlm.nih.gov/25034867/
KJ571396,Detection of diverse novel astroviruses from small mammals in China,"J. Gen. Virol. 95 (PT 11), 2442-2449 (2014)",https://pubmed.ncbi.nlm.nih.gov/25034867/
KJ571395,Detection of diverse novel astroviruses from small mammals in China,"J. Gen. Virol. 95 (PT 11), 2442-2449 (2014)",https://pubmed.ncbi.nlm.nih.gov/25034867/
KJ571394,Detection of diverse novel astroviruses from small mammals in China,"J. Gen. Virol. 95 (PT 11), 2442-2449 (2014)",https://pubmed.ncbi.nlm.nih.gov/25034867/
KJ571393,Detection of diverse novel astroviruses from small mammals in China,"J. Gen. Virol. 95 (PT 11), 2442-2449 (2014)",https://pubmed.ncbi.nlm.nih.gov/25034867/
KJ571392,Detection of diverse novel astroviruses from small mammals in China,"J. Gen. Virol. 95 (PT 11), 2442-2449 (2014)",https://pubmed.ncbi.nlm.nih.gov/25034867/
KJ571391,Detection of diverse novel astroviruses from small mammals in China,"J. Gen. Virol. 95 (PT 11), 2442-2449 (2014)",https://pubmed.ncbi.nlm.nih.gov/25034867/
KJ571390,Detection of diverse novel astroviruses from small mammals in China,"J. Gen. Virol. 95 (PT 11), 2442-2449 (2014)",https://pubmed.ncbi.nlm.nih.gov/25034867/
KJ571389,Detection of diverse novel astroviruses from small mammals in China,"J. Gen. Virol. 95 (PT 11), 2442-2449 (2014)",https://pubmed.ncbi.nlm.nih.gov/25034867/
KJ571388,Detection of diverse novel astroviruses from small mammals in China,"J. Gen. Virol. 95 (PT 11), 2442-2449 (2014)",https://pubmed.ncbi.nlm.nih.gov/25034867/
KJ571387,Detection of diverse novel astroviruses from small mammals in China,"J. Gen. Virol. 95 (PT 11), 2442-2449 (2014)",https://pubmed.ncbi.nlm.nih.gov/25034867/
KJ571386,Detection of diverse novel astroviruses from small mammals in China,"J. Gen. Virol. 95 (PT 11), 2442-2449 (2014)",https://pubmed.ncbi.nlm.nih.gov/25034867/
KJ571385,Detection of diverse novel astroviruses from small mammals in China,"J. Gen. Virol. 95 (PT 11), 2442-2449 (2014)",https://pubmed.ncbi.nlm.nih.gov/25034867/
KJ571384,Detection of diverse novel astroviruses from small mammals in China,"J. Gen. Virol. 95 (PT 11), 2442-2449 (2014)",https://pubmed.ncbi.nlm.nih.gov/25034867/
KJ571383,Detection of diverse novel astroviruses from small mammals in China,"J. Gen. Virol. 95 (PT 11), 2442-2449 (2014)",https://pubmed.ncbi.nlm.nih.gov/25034867/
KJ571382,Detection of diverse novel astroviruses from small mammals in China,"J. Gen. Virol. 95 (PT 11), 2442-2449 (2014)",https://pubmed.ncbi.nlm.nih.gov/25034867/
KJ571381,Detection of diverse novel astroviruses from small mammals in China,"J. Gen. Virol. 95 (PT 11), 2442-2449 (2014)",https://pubmed.ncbi.nlm.nih.gov/25034867/
KJ571380,Detection of diverse novel astroviruses from small mammals in China,"J. Gen. Virol. 95 (PT 11), 2442-2449 (2014)",https://pubmed.ncbi.nlm.nih.gov/25034867/
KJ571379,Detection of diverse novel astroviruses from small mammals in China,"J. Gen. Virol. 95 (PT 11), 2442-2449 (2014)",https://pubmed.ncbi.nlm.nih.gov/25034867/
KJ571378,Detection of diverse novel astroviruses from small mammals in China,"J. Gen. Virol. 95 (PT 11), 2442-2449 (2014)",https://pubmed.ncbi.nlm.nih.gov/25034867/
KJ571377,Detection of diverse novel astroviruses from small mammals in China,"J. Gen. Virol. 95 (PT 11), 2442-2449 (2014)",https://pubmed.ncbi.nlm.nih.gov/25034867/
KC599256,Evidence for retrovirus and paramyxovirus infection of multiple bat species in china,"Viruses 6 (5), 2138-2154 (2014)",https://pubmed.ncbi.nlm.nih.gov/24841387/
KC692437,A strategy to estimate unknown viral diversity in mammals,"MBio 4 (5), e00598-13 (2013)",https://pubmed.ncbi.nlm.nih.gov/24003179/
KC692436,A strategy to estimate unknown viral diversity in mammals,"MBio 4 (5), e00598-13 (2013)",https://pubmed.ncbi.nlm.nih.gov/24003179/
KC692435,A strategy to estimate unknown viral diversity in mammals,"MBio 4 (5), e00598-13 (2013)",https://pubmed.ncbi.nlm.nih.gov/24003179/
KC692434,A strategy to estimate unknown viral diversity in mammals,"MBio 4 (5), e00598-13 (2013)",https://pubmed.ncbi.nlm.nih.gov/24003179/
KC692433,A strategy to estimate unknown viral diversity in mammals,"MBio 4 (5), e00598-13 (2013)",https://pubmed.ncbi.nlm.nih.gov/24003179/
KC692432,A strategy to estimate unknown viral diversity in mammals,"MBio 4 (5), e00598-13 (2013)",https://pubmed.ncbi.nlm.nih.gov/24003179/
KC692431,A strategy to estimate unknown viral diversity in mammals,"MBio 4 (5), e00598-13 (2013)",https://pubmed.ncbi.nlm.nih.gov/24003179/
JX863711,Virome profiling of bats from myanmar by metagenomic analysis of tissue samples reveals more novel Mammalian viruses,"PLoS ONE 8 (4), E61950 (2013)",https://pubmed.ncbi.nlm.nih.gov/23630620/
JX863710,Virome profiling of bats from myanmar by metagenomic analysis of tissue samples reveals more novel Mammalian viruses,"PLoS ONE 8 (4), E61950 (2013)",https://pubmed.ncbi.nlm.nih.gov/23630620/
JX863709,Virome profiling of bats from myanmar by metagenomic analysis of tissue samples reveals more novel Mammalian viruses,"PLoS ONE 8 (4), E61950 (2013)",https://pubmed.ncbi.nlm.nih.gov/23630620/
JX863708,Virome profiling of bats from myanmar by metagenomic analysis of tissue samples reveals more novel Mammalian viruses,"PLoS ONE 8 (4), E61950 (2013)",https://pubmed.ncbi.nlm.nih.gov/23630620/
JX863707,Virome profiling of bats from myanmar by metagenomic analysis of tissue samples reveals more novel Mammalian viruses,"PLoS ONE 8 (4), E61950 (2013)",https://pubmed.ncbi.nlm.nih.gov/23630620/
JX863706,Virome profiling of bats from myanmar by metagenomic analysis of tissue samples reveals more novel Mammalian viruses,"PLoS ONE 8 (4), E61950 (2013)",https://pubmed.ncbi.nlm.nih.gov/23630620/
JX863705,Virome profiling of bats from myanmar by metagenomic analysis of tissue samples reveals more novel Mammalian viruses,"PLoS ONE 8 (4), E61950 (2013)",https://pubmed.ncbi.nlm.nih.gov/23630620/
JX863704,Virome profiling of bats from myanmar by metagenomic analysis of tissue samples reveals more novel Mammalian viruses,"PLoS ONE 8 (4), E61950 (2013)",https://pubmed.ncbi.nlm.nih.gov/23630620/
JQ814871,Virome analysis for identification of novel Mammalian viruses in bat species from chinese provinces,"J. Virol. 86 (20), 10999-11012 (2012)",https://pubmed.ncbi.nlm.nih.gov/22855479/
JQ814870,Virome analysis for identification of novel Mammalian viruses in bat species from chinese provinces,"J. Virol. 86 (20), 10999-11012 (2012)",https://pubmed.ncbi.nlm.nih.gov/22855479/
JQ814869,Virome analysis for identification of novel Mammalian viruses in bat species from chinese provinces,"J. Virol. 86 (20), 10999-11012 (2012)",https://pubmed.ncbi.nlm.nih.gov/22855479/
JQ814868,Virome analysis for identification of novel Mammalian viruses in bat species from chinese provinces,"J. Virol. 86 (20), 10999-11012 (2012)",https://pubmed.ncbi.nlm.nih.gov/22855479/
JQ814867,Virome analysis for identification of novel Mammalian viruses in bat species from chinese provinces,"J. Virol. 86 (20), 10999-11012 (2012)",https://pubmed.ncbi.nlm.nih.gov/22855479/
JQ814866,Virome analysis for identification of novel Mammalian viruses in bat species from chinese provinces,"J. Virol. 86 (20), 10999-11012 (2012)",https://pubmed.ncbi.nlm.nih.gov/22855479/
JQ814865,Virome analysis for identification of novel Mammalian viruses in bat species from chinese provinces,"J. Virol. 86 (20), 10999-11012 (2012)",https://pubmed.ncbi.nlm.nih.gov/22855479/
JQ814864,Virome analysis for identification of novel Mammalian viruses in bat species from chinese provinces,"J. Virol. 86 (20), 10999-11012 (2012)",https://pubmed.ncbi.nlm.nih.gov/22855479/
JQ814863,Virome analysis for identification of novel Mammalian viruses in bat species from chinese provinces,"J. Virol. 86 (20), 10999-11012 (2012)",https://pubmed.ncbi.nlm.nih.gov/22855479/
JQ814862,Virome analysis for identification of novel Mammalian viruses in bat species from chinese provinces,"J. Virol. 86 (20), 10999-11012 (2012)",https://pubmed.ncbi.nlm.nih.gov/22855479/
JQ814861,Virome analysis for identification of novel Mammalian viruses in bat species from chinese provinces,"J. Virol. 86 (20), 10999-11012 (2012)",https://pubmed.ncbi.nlm.nih.gov/22855479/
JQ814860,Virome analysis for identification of novel Mammalian viruses in bat species from chinese provinces,"J. Virol. 86 (20), 10999-11012 (2012)",https://pubmed.ncbi.nlm.nih.gov/22855479/
JQ814859,Virome analysis for identification of novel Mammalian viruses in bat species from chinese provinces,"J. Virol. 86 (20), 10999-11012 (2012)",https://pubmed.ncbi.nlm.nih.gov/22855479/
JQ814858,Virome analysis for identification of novel Mammalian viruses in bat species from chinese provinces,"J. Virol. 86 (20), 10999-11012 (2012)",https://pubmed.ncbi.nlm.nih.gov/22855479/
JQ814857,Virome analysis for identification of novel Mammalian viruses in bat species from chinese provinces,"J. Virol. 86 (20), 10999-11012 (2012)",https://pubmed.ncbi.nlm.nih.gov/22855479/
JQ814856,Virome analysis for identification of novel Mammalian viruses in bat species from chinese provinces,"J. Virol. 86 (20), 10999-11012 (2012)",https://pubmed.ncbi.nlm.nih.gov/22855479/
