,Run,Assay Type,AvgSpotLen,Bases,BioSample,Bytes,Center Name,Consent,DATASTORE filetype,DATASTORE provider,DATASTORE region,Experiment,Instrument,Library Name,LibraryLayout,LibrarySelection,LibrarySource,Organism,Platform,ReleaseDate,create_date,version,Sample Name,SRA Study,BioProject,Collection_Date,geo_loc_name_country,geo_loc_name_country_continent,geo_loc_name,BioSampleModel,Host,lat_lon,isolation_source,Sample_name,ENA-FIRST-PUBLIC (run),ENA-LAST-UPDATE (run),INSDC_center_name,INSDC_status,Scientific_Name,Submitter_Id,ENA_first_public,ENA-STATUS-ID (exp),ENA-STATUS-ID (run),geographic_location_(country_and/or_sea),source_material_id,isolate,env_broad_scale,env_local_scale,env_medium,Location_Province,ArrayExpress-SPECIES,common_name,ENA-FIRST-PUBLIC,ENA-LAST-UPDATE,external_id,INSDC_first_public,INSDC_last_update,sample_description,samp_mat_process,Sample_Barcode,Sample_index,strain,ref_biomaterial,source_uvig,virus_enrich_appr,host_subject_id,Host_Age,host_sex,host_common_name,isol_growth_condt,propagation,project_name,broad-scale_environmental_context,environmental_medium,geographic_location_(latitude),geographic_location_(longitude),local_environmental_context,collected_by,tissue,Broker_name,env_biome,env_feature,env_material,No_of_samples,Biological_Replicate,host_scientific_name,lab_host,host_taxid,host_tissue_sampled,specimen_voucher,misc_param,exp_id,expected_source,host_body_product,host_tot_mass,manuscript_id,samp_capt_status,samp_collect_device,fasta_file (run),sample_type,sex,BREED,Cultivar,dev_stage,ecotype,sub_species,samp_size,Library_ID,rel_to_oxygen,Detail_ID,replicate,SUBMISSION_TOOL (exp),SUBMISSION_TOOL (run),submission_tool,SUBMISSION_TOOL_VERSION (exp),SUBMISSION_TOOL_VERSION (run),SUBMISSION_TOOL_VERSION,genbank_accession,sequencing_approach,matrix_type,organism_spiked_and_spike_in_level,Host_disease,virus_enrich_app,experimental_factor,sample_ID,specific_host,additional_component_added_to_sample,altitude,BIOME,env_package,feature,Investigation_type,Label,material,sample_comment,spike_in_level_of_influenza_a_virus
100,SRR27912332,WGS,298,1791628746,SAMN39879841,756283095,UNIVERSITAT DE VALENCIA,public,"fastq,run.zq,sra","gs,ncbi,s3","gs.us-east1,ncbi.public,s3.us-east-1",SRX23571909,NextSeq 550,P11,PAIRED,other,METAGENOMIC,bat gut metagenome,ILLUMINA,2024-07-03T00:00:00Z,2024-02-08T10:59:00Z,1,P11,SRP488891,PRJNA1074704,2022-08-03/2022-08-17,Spain,Europe,Spain: Lugo and Salamanca,Metagenome or environmental,Myotis daubentonii,not provided,Bat guano,,,,,,,,,,,,P11,,,,,,,,,,,,,,"Pool of 11 fecal samples homogenized in a Precellys Evolution tissue homogenizer (Bertin) in 2 mL tubes with 1.4 mm ceramic beads\, adding 1 volume of 1x PBS to obtain a final volume of 1.5 mL. Indiana Vesiculovirus and Vaccinia Virus were spiked in to ...",,,,,,,,,,,,,,,,,,,,,,,,,,,,,,,,,,,,,,,,,,,,,,,,,,,,,,,,,,,,,,,,,,,,,,,,,,,,,
224,SRR22936602,WGS,300,12457547100,SAMN32394822,3967403963,SOUTH CHINA AGRICULTURAL UNIVERSITY,public,"fastq,run.zq,sra","gs,ncbi,s3","gs.us-east1,ncbi.public,s3.us-east-1",SRX18893905,Illumina NovaSeq 6000,L18.18,PAIRED,RANDOM,METAGENOMIC,viral metagenome,ILLUMINA,2023-03-29T00:00:00Z,2022-12-30T03:29:00Z,1,L18.18,SRP415218,PRJNA901878,2020-11,China,Asia,China:Guangdong,Metagenome or environmental,Rhinolophus sinicus,not provided,Rectum,,,,,,,,,,,,L18.18,,,,,Guangdong province,,,,,,,,,,,,,,,,,,,,,,,,,,,,,,,,,,,,,,,,,,,,,,,,,,,,,,,,,,,,,,,,,,,,,,,,,,,,,,,,,,,,,,
245,SRR22936710,WGS,300,12308733300,SAMN32394898,4015418116,SOUTH CHINA AGRICULTURAL UNIVERSITY,public,"fastq,run.zq,sra","gs,ncbi,s3","gs.us-east1,ncbi.public,s3.us-east-1",SRX18893797,Illumina NovaSeq 6000,L84.18,PAIRED,RANDOM,METAGENOMIC,viral metagenome,ILLUMINA,2023-03-29T00:00:00Z,2022-12-30T04:40:00Z,1,L84.18,SRP415218,PRJNA901878,2021-12,China,Asia,China:Guangdong,Metagenome or environmental,Myotis sp.,not provided,Rectum,,,,,,,,,,,,L84.18,,,,,Guangdong province,,,,,,,,,,,,,,,,,,,,,,,,,,,,,,,,,,,,,,,,,,,,,,,,,,,,,,,,,,,,,,,,,,,,,,,,,,,,,,,,,,,,,,
258,SRR22936796,WGS,300,32661453600,SAMN32394997,10730387949,SOUTH CHINA AGRICULTURAL UNIVERSITY,public,"fastq,run.zq,sra","gs,ncbi,s3","gs.us-east1,ncbi.public,s3.us-east-1",SRX18894177,Illumina NovaSeq 6000,L173.18,PAIRED,RANDOM,METAGENOMIC,viral metagenome,ILLUMINA,2023-03-29T00:00:00Z,2022-12-30T04:18:00Z,1,L173.18,SRP415218,PRJNA901878,2022-08,China,Asia,China:Guizhou,Metagenome or environmental,Myotis pilosus,not provided,Rectum,,,,,,,,,,,,L173.18,,,,,Guizhou province,,,,,,,,,,,,,,,,,,,,,,,,,,,,,,,,,,,,,,,,,,,,,,,,,,,,,,,,,,,,,,,,,,,,,,,,,,,,,,,,,,,,,,
265,SRR22936808,WGS,300,22326472500,SAMN32394986,7399477101,SOUTH CHINA AGRICULTURAL UNIVERSITY,public,"fastq,run.zq,sra","gs,ncbi,s3","gs.us-east1,ncbi.public,s3.us-east-1",SRX18894165,Illumina NovaSeq 6000,L162.18,PAIRED,RANDOM,METAGENOMIC,viral metagenome,ILLUMINA,2023-03-29T00:00:00Z,2022-12-30T04:01:00Z,1,L162.18,SRP415218,PRJNA901878,2022-08,China,Asia,China:Guizhou,Metagenome or environmental,Myotis pilosus,not provided,Rectum,,,,,,,,,,,,L162.18,,,,,Guizhou province,,,,,,,,,,,,,,,,,,,,,,,,,,,,,,,,,,,,,,,,,,,,,,,,,,,,,,,,,,,,,,,,,,,,,,,,,,,,,,,,,,,,,,
384,SRR14195380,RNA-Seq,321,564399920,SAMN18653642,255422687,"TECHNICAL UNIVERSITY OF DENMARK, DTU",public,"fastq,run.zq,sra","gs,ncbi,s3","gs.us-east1,ncbi.public,s3.us-east-1",SRX10562209,Illumina MiSeq,D28-9,PAIRED,RANDOM,METAGENOMIC,bat metagenome,ILLUMINA,2021-06-04T00:00:00Z,2021-04-09T11:46:00Z,1,2014-13585-58,SRP314182,PRJNA720531,2014-10,Denmark,Europe,Denmark: Moensted,Metagenome or environmental,Myotis daubentonii,56.45701000 N 9.16627782 E,feces,,,,,,,,,,,,,,,,,,,,,,,,,,,,,,,,,,,,,,,,,,,,,,,,,,,,,,,,,,,,,,,,,,,,,,,,,,,,,,,,,,,,,,,,,,,,,,,,,,,,,,,
389,SRR14195385,RNA-Seq,232,400683573,SAMN18661215,177501543,"TECHNICAL UNIVERSITY OF DENMARK, DTU",public,"fastq,run.zq,sra","gs,ncbi,s3","gs.us-east1,ncbi.public,s3.us-east-1",SRX10562204,Illumina MiSeq,D32-7,PAIRED,RANDOM,METAGENOMIC,bat metagenome,ILLUMINA,2021-06-04T00:00:00Z,2021-04-09T11:46:00Z,1,2015-21164-6,SRP314182,PRJNA720531,2015-11,Denmark,Europe,Denmark: Moensted,Metagenome or environmental,Myotis daubentonii,56.45701000 N 9.16627782 E,feces,,,,,,,,,,,,,,,,,,,,,,,,,,,,,,,,,,,,,,,,,,,,,,,,,,,,,,,,,,,,,,,,,,,,,,,,,,,,,,,,,,,,,,,,,,,,,,,,,,,,,,,
437,SRR24113076,RNA-Seq,300,8155693200,SAMN34109629,3112067043,FUDAN UNIVERSITY,public,"fastq,run.zq,sra","gs,ncbi,s3","gs.us-east1,ncbi.public,s3.us-east-1",SRX19912570,Illumina NovaSeq 6000,JSBC-Mchin,PAIRED,RANDOM PCR,METATRANSCRIPTOMIC,metagenome,ILLUMINA,2023-11-01T00:00:00Z,2023-04-09T22:17:00Z,1,JSBC-Mchin,SRP431665,PRJNA953205,2016/2017,China,Asia,"China: JIngmen\, Hubei",Metagenome or environmental,Myotis_chinensis,Not collected,feces,,,,,,,,,,,,,,,,,,,,,,,,,,,,,,,,,,,,,,,,,,,,,,,,,,,,Jingmen_Myotis_chinensis_G1,,,,,,,,,,,,,,,,,,,,,,,,,,,,,,,,,,,,,,,,,,,,,,,,,,,
438,SRR24113097,RNA-Seq,300,9051617100,SAMN34109753,2867497877,FUDAN UNIVERSITY,public,"fastq,run.zq,sra","gs,ncbi,s3","gs.us-east1,ncbi.public,s3.us-east-1",SRX19912548,Illumina NovaSeq 6000,YJBC-HuaNan,PAIRED,RANDOM PCR,METATRANSCRIPTOMIC,metagenome,ILLUMINA,2023-11-01T00:00:00Z,2023-04-09T22:16:00Z,1,YJBC-HuaNan,SRP431665,PRJNA953205,2016/2017,China,Asia,"China: Wenzhou\, Zhejiang",Metagenome or environmental,Myotis_laniger,Not collected,feces,,,,,,,,,,,,,,,,,,,,,,,,,,,,,,,,,,,,,,,,,,,,,,,,,,,,Wenzhou_Myotis_laniger_G1,,,,,,,,,,,,,,,,,,,,,,,,,,,,,,,,,,,,,,,,,,,,,,,,,,,
442,SRR24113196,RNA-Seq,229,3583427287,SAMN34109923,1366928479,FUDAN UNIVERSITY,public,"fastq,run.zq,sra","gs,ncbi,s3","gs.us-east1,ncbi.public,s3.us-east-1",SRX19912449,Illumina NovaSeq 6000,JS-SEF-C1,PAIRED,RANDOM PCR,METATRANSCRIPTOMIC,metagenome,ILLUMINA,2023-11-01T00:00:00Z,2023-04-10T03:01:00Z,1,JS-SEF-C1,SRP431665,PRJNA953205,2016/2017,China,Asia,"China: JIngmen\, Hubei",Metagenome or environmental,Myotis_chinensis,Not collected,feces,,,,,,,,,,,,,,,,,,,,,,,,,,,,,,,,,,,,,,,,,,,,,,,,,,,,Jingmen_Myotis_chinensis_G2,,,,,,,,,,,,,,,,,,,,,,,,,,,,,,,,,,,,,,,,,,,,,,,,,,,
444,SRR24113205,RNA-Seq,254,4115710462,SAMN34109866,1594201980,FUDAN UNIVERSITY,public,"fastq,run.zq,sra","gs,ncbi,s3","gs.us-east1,ncbi.public,s3.us-east-1",SRX19912441,Illumina NovaSeq 6000,JS-SEF-C2,PAIRED,RANDOM PCR,METATRANSCRIPTOMIC,metagenome,ILLUMINA,2023-11-01T00:00:00Z,2023-04-10T02:44:00Z,1,JS-SEF-C2,SRP431665,PRJNA953205,2016/2017,China,Asia,"China: JIngmen\, Hubei",Metagenome or environmental,Myotis_chinensis,Not collected,feces,,,,,,,,,,,,,,,,,,,,,,,,,,,,,,,,,,,,,,,,,,,,,,,,,,,,Jingmen_Myotis_chinensis_G3,,,,,,,,,,,,,,,,,,,,,,,,,,,,,,,,,,,,,,,,,,,,,,,,,,,
447,SRR24113252,RNA-Seq,300,7393479300,SAMN34109772,2410975017,FUDAN UNIVERSITY,public,"fastq,run.zq,sra","gs,ncbi,s3","gs.us-east1,ncbi.public,s3.us-east-1",SRX19912394,Illumina NovaSeq 6000,JSBC-HaoShi,PAIRED,RANDOM PCR,METATRANSCRIPTOMIC,metagenome,ILLUMINA,2023-11-01T00:00:00Z,2023-04-09T22:29:00Z,1,JSBC-HaoShi,SRP431665,PRJNA953205,2016/2017,China,Asia,"China: JIngmen\, Hubei",Metagenome or environmental,Myotis_adversus,Not collected,feces,,,,,,,,,,,,,,,,,,,,,,,,,,,,,,,,,,,,,,,,,,,,,,,,,,,,Jingmen_Myotis_adversus_G1,,,,,,,,,,,,,,,,,,,,,,,,,,,,,,,,,,,,,,,,,,,,,,,,,,,
450,SRR24113275,RNA-Seq,234,3668233436,SAMN34109909,1428232501,FUDAN UNIVERSITY,public,"fastq,run.zq,sra","gs,ncbi,s3","gs.us-east1,ncbi.public,s3.us-east-1",SRX19912736,Illumina NovaSeq 6000,JS-JTF-C2,PAIRED,RANDOM PCR,METATRANSCRIPTOMIC,metagenome,ILLUMINA,2023-11-01T00:00:00Z,2023-04-10T02:57:00Z,1,JS-JTF-C2,SRP431665,PRJNA953205,2016/2017,China,Asia,"China: JIngmen\, Hubei",Metagenome or environmental,Rhinolophus_sinicus,Not collected,feces,,,,,,,,,,,,,,,,,,,,,,,,,,,,,,,,,,,,,,,,,,,,,,,,,,,,Jingmen_Rhinolophus_sinicus_G3,,,,,,,,,,,,,,,,,,,,,,,,,,,,,,,,,,,,,,,,,,,,,,,,,,,
466,SRR25288481,OTHER,300,4649712300,SAMN36440278,1983817022,INSTITUTE OF PATHOGEN BIOLOGY CHINESE ACADEMY OF MEDICAL SCIENCES & PEKING UNION MEDICAL COLLEGE,public,"fastq,run.zq,sra","gs,ncbi,s3","gs.us-east1,ncbi.public,s3.us-east-1",SRX21032144,HiSeq X Ten,library_98,SINGLE,RANDOM PCR,VIRAL RNA,bat metagenome,ILLUMINA,2023-08-13T00:00:00Z,2023-07-15T00:02:00Z,1,Sample_Pool-098,SRP449640,PRJNA994658,2017,China,Asia,China,Metagenome or environmental,Rhinolophus affinis,not applicable,Pharyngeal and anal swab,,,,,,,,,,,,,,,,,,,,,,,,,,,,,,,,,,,,,,,,,,,,,,,,,,,,,,,,,,,,,,,,,,,,,,,,,,,,,,,,,,,,,,,,,,,,,,,,,,,,,,,
469,SRR25288485,OTHER,300,4143436200,SAMN36440274,1733229437,INSTITUTE OF PATHOGEN BIOLOGY CHINESE ACADEMY OF MEDICAL SCIENCES & PEKING UNION MEDICAL COLLEGE,public,"fastq,run.zq,sra","gs,ncbi,s3","gs.us-east1,ncbi.public,s3.us-east-1",SRX21032140,HiSeq X Ten,library_94,SINGLE,RANDOM PCR,VIRAL RNA,bat metagenome,ILLUMINA,2023-08-13T00:00:00Z,2023-07-15T00:01:00Z,1,Sample_Pool-094,SRP449640,PRJNA994658,2016,China,Asia,China,Metagenome or environmental,Rhinolophus sinicus,not applicable,Pharyngeal and anal swab,,,,,,,,,,,,,,,,,,,,,,,,,,,,,,,,,,,,,,,,,,,,,,,,,,,,,,,,,,,,,,,,,,,,,,,,,,,,,,,,,,,,,,,,,,,,,,,,,,,,,,,
470,SRR25288486,OTHER,300,4321602600,SAMN36440273,1861788533,INSTITUTE OF PATHOGEN BIOLOGY CHINESE ACADEMY OF MEDICAL SCIENCES & PEKING UNION MEDICAL COLLEGE,public,"fastq,run.zq,sra","gs,ncbi,s3","gs.us-east1,ncbi.public,s3.us-east-1",SRX21032139,HiSeq X Ten,library_93,SINGLE,RANDOM PCR,VIRAL RNA,bat metagenome,ILLUMINA,2023-08-13T00:00:00Z,2023-07-15T00:01:00Z,1,Sample_Pool-093,SRP449640,PRJNA994658,2016,China,Asia,China,Metagenome or environmental,Rhinolophus sinicus,not applicable,Pharyngeal and anal swab,,,,,,,,,,,,,,,,,,,,,,,,,,,,,,,,,,,,,,,,,,,,,,,,,,,,,,,,,,,,,,,,,,,,,,,,,,,,,,,,,,,,,,,,,,,,,,,,,,,,,,,
472,SRR25288488,OTHER,300,4816417200,SAMN36440272,2101044004,INSTITUTE OF PATHOGEN BIOLOGY CHINESE ACADEMY OF MEDICAL SCIENCES & PEKING UNION MEDICAL COLLEGE,public,"fastq,run.zq,sra","gs,ncbi,s3","gs.us-east1,ncbi.public,s3.us-east-1",SRX21032138,HiSeq X Ten,library_92,SINGLE,RANDOM PCR,VIRAL RNA,bat metagenome,ILLUMINA,2023-08-13T00:00:00Z,2023-07-15T00:02:00Z,1,Sample_Pool-092,SRP449640,PRJNA994658,2019,China,Asia,China,Metagenome or environmental,Rhinolophus sinicus,not applicable,Pharyngeal and anal swab,,,,,,,,,,,,,,,,,,,,,,,,,,,,,,,,,,,,,,,,,,,,,,,,,,,,,,,,,,,,,,,,,,,,,,,,,,,,,,,,,,,,,,,,,,,,,,,,,,,,,,,
473,SRR25288489,OTHER,300,4604397000,SAMN36440271,2010467322,INSTITUTE OF PATHOGEN BIOLOGY CHINESE ACADEMY OF MEDICAL SCIENCES & PEKING UNION MEDICAL COLLEGE,public,"fastq,run.zq,sra","gs,ncbi,s3","gs.us-east1,ncbi.public,s3.us-east-1",SRX21032137,HiSeq X Ten,library_91,SINGLE,RANDOM PCR,VIRAL RNA,bat metagenome,ILLUMINA,2023-08-13T00:00:00Z,2023-07-15T00:02:00Z,1,Sample_Pool-091,SRP449640,PRJNA994658,2016,China,Asia,China,Metagenome or environmental,Rhinolophus sinicus,not applicable,Pharyngeal and anal swab,,,,,,,,,,,,,,,,,,,,,,,,,,,,,,,,,,,,,,,,,,,,,,,,,,,,,,,,,,,,,,,,,,,,,,,,,,,,,,,,,,,,,,,,,,,,,,,,,,,,,,,
474,SRR25288490,OTHER,349,1823619071,SAMN36440190,1239196205,INSTITUTE OF PATHOGEN BIOLOGY CHINESE ACADEMY OF MEDICAL SCIENCES & PEKING UNION MEDICAL COLLEGE,public,"fastq,run.zq,sra","gs,ncbi,s3","gs.us-east1,ncbi.public,s3.us-east-1",SRX21032136,HiSeq X Ten,library_10,SINGLE,RANDOM PCR,VIRAL RNA,bat metagenome,ILLUMINA,2023-08-13T00:00:00Z,2023-07-15T00:00:00Z,1,Sample_Pool-010,SRP449640,PRJNA994658,2018,China,Asia,China,Metagenome or environmental,Miniopterus schreibersii,not applicable,Pharyngeal and anal swab,,,,,,,,,,,,,,,,,,,,,,,,,,,,,,,,,,,,,,,,,,,,,,,,,,,,,,,,,,,,,,,,,,,,,,,,,,,,,,,,,,,,,,,,,,,,,,,,,,,,,,,
475,SRR25288492,OTHER,300,4812007500,SAMN36440269,2093560647,INSTITUTE OF PATHOGEN BIOLOGY CHINESE ACADEMY OF MEDICAL SCIENCES & PEKING UNION MEDICAL COLLEGE,public,"fastq,run.zq,sra","gs,ncbi,s3","gs.us-east1,ncbi.public,s3.us-east-1",SRX21032134,HiSeq X Ten,library_89,SINGLE,RANDOM PCR,VIRAL RNA,bat metagenome,ILLUMINA,2023-08-13T00:00:00Z,2023-07-15T00:03:00Z,1,Sample_Pool-089,SRP449640,PRJNA994658,2019,China,Asia,China,Metagenome or environmental,Rhinolophus sinicus,not applicable,Pharyngeal and anal swab,,,,,,,,,,,,,,,,,,,,,,,,,,,,,,,,,,,,,,,,,,,,,,,,,,,,,,,,,,,,,,,,,,,,,,,,,,,,,,,,,,,,,,,,,,,,,,,,,,,,,,,
479,SRR25288496,OTHER,300,7045839300,SAMN36440265,3244007987,INSTITUTE OF PATHOGEN BIOLOGY CHINESE ACADEMY OF MEDICAL SCIENCES & PEKING UNION MEDICAL COLLEGE,public,"fastq,run.zq,sra","gs,ncbi,s3","gs.us-east1,ncbi.public,s3.us-east-1",SRX21032130,HiSeq X Ten,library_85,SINGLE,RANDOM PCR,VIRAL RNA,bat metagenome,ILLUMINA,2023-08-13T00:00:00Z,2023-07-15T00:16:00Z,1,Sample_Pool-085,SRP449640,PRJNA994658,2017,China,Asia,China,Metagenome or environmental,Rhinolophus sinicus,not applicable,Pharyngeal and anal swab,,,,,,,,,,,,,,,,,,,,,,,,,,,,,,,,,,,,,,,,,,,,,,,,,,,,,,,,,,,,,,,,,,,,,,,,,,,,,,,,,,,,,,,,,,,,,,,,,,,,,,,
480,SRR25288497,OTHER,300,4463539500,SAMN36440264,1952499598,INSTITUTE OF PATHOGEN BIOLOGY CHINESE ACADEMY OF MEDICAL SCIENCES & PEKING UNION MEDICAL COLLEGE,public,"fastq,run.zq,sra","gs,ncbi,s3","gs.us-east1,ncbi.public,s3.us-east-1",SRX21032129,HiSeq X Ten,library_84,SINGLE,RANDOM PCR,VIRAL RNA,bat metagenome,ILLUMINA,2023-08-13T00:00:00Z,2023-07-15T00:04:00Z,1,Sample_Pool-084,SRP449640,PRJNA994658,2016,China,Asia,China,Metagenome or environmental,Rhinolophus sinicus,not applicable,Pharyngeal and anal swab,,,,,,,,,,,,,,,,,,,,,,,,,,,,,,,,,,,,,,,,,,,,,,,,,,,,,,,,,,,,,,,,,,,,,,,,,,,,,,,,,,,,,,,,,,,,,,,,,,,,,,,
481,SRR25288498,OTHER,300,4445910600,SAMN36440263,1955020117,INSTITUTE OF PATHOGEN BIOLOGY CHINESE ACADEMY OF MEDICAL SCIENCES & PEKING UNION MEDICAL COLLEGE,public,"fastq,run.zq,sra","gs,ncbi,s3","gs.us-east1,ncbi.public,s3.us-east-1",SRX21032128,HiSeq X Ten,library_83,SINGLE,RANDOM PCR,VIRAL RNA,bat metagenome,ILLUMINA,2023-08-13T00:00:00Z,2023-07-15T00:03:00Z,1,Sample_Pool-083,SRP449640,PRJNA994658,2016,China,Asia,China,Metagenome or environmental,Rhinolophus sinicus,not applicable,Pharyngeal and anal swab,,,,,,,,,,,,,,,,,,,,,,,,,,,,,,,,,,,,,,,,,,,,,,,,,,,,,,,,,,,,,,,,,,,,,,,,,,,,,,,,,,,,,,,,,,,,,,,,,,,,,,,
485,SRR25288502,OTHER,300,4316813400,SAMN36440214,1744732035,INSTITUTE OF PATHOGEN BIOLOGY CHINESE ACADEMY OF MEDICAL SCIENCES & PEKING UNION MEDICAL COLLEGE,public,"fastq,run.zq,sra","gs,ncbi,s3","gs.us-east1,ncbi.public,s3.us-east-1",SRX21032124,HiSeq X Ten,library_34,SINGLE,RANDOM PCR,VIRAL RNA,bat metagenome,ILLUMINA,2023-08-13T00:00:00Z,2023-07-15T00:03:00Z,1,Sample_Pool-034,SRP449640,PRJNA994658,2018,China,Asia,China,Metagenome or environmental,Scotophilus kuhlii,not applicable,Pharyngeal and anal swab,,,,,,,,,,,,,,,,,,,,,,,,,,,,,,,,,,,,,,,,,,,,,,,,,,,,,,,,,,,,,,,,,,,,,,,,,,,,,,,,,,,,,,,,,,,,,,,,,,,,,,,
487,SRR25288504,OTHER,300,4593844500,SAMN36440509,2020821707,INSTITUTE OF PATHOGEN BIOLOGY CHINESE ACADEMY OF MEDICAL SCIENCES & PEKING UNION MEDICAL COLLEGE,public,"fastq,run.zq,sra","gs,ncbi,s3","gs.us-east1,ncbi.public,s3.us-east-1",SRX21032122,HiSeq X Ten,library_329,SINGLE,RANDOM PCR,VIRAL RNA,bat metagenome,ILLUMINA,2023-08-13T00:00:00Z,2023-07-15T00:03:00Z,1,Sample_Pool-329,SRP449640,PRJNA994658,2020,China,Asia,China,Metagenome or environmental,Rhinolophus ferrumequinum,not applicable,Pharyngeal and anal swab,,,,,,,,,,,,,,,,,,,,,,,,,,,,,,,,,,,,,,,,,,,,,,,,,,,,,,,,,,,,,,,,,,,,,,,,,,,,,,,,,,,,,,,,,,,,,,,,,,,,,,,
489,SRR25288512,OTHER,300,3999137700,SAMN36440501,1718094341,INSTITUTE OF PATHOGEN BIOLOGY CHINESE ACADEMY OF MEDICAL SCIENCES & PEKING UNION MEDICAL COLLEGE,public,"fastq,run.zq,sra","gs,ncbi,s3","gs.us-east1,ncbi.public,s3.us-east-1",SRX21032114,HiSeq X Ten,library_321,SINGLE,RANDOM PCR,VIRAL RNA,bat metagenome,ILLUMINA,2023-08-13T00:00:00Z,2023-07-15T00:02:00Z,1,Sample_Pool-321,SRP449640,PRJNA994658,2020,China,Asia,China,Metagenome or environmental,Miniopterus schreibersii,not applicable,Pharyngeal and anal swab,,,,,,,,,,,,,,,,,,,,,,,,,,,,,,,,,,,,,,,,,,,,,,,,,,,,,,,,,,,,,,,,,,,,,,,,,,,,,,,,,,,,,,,,,,,,,,,,,,,,,,,
507,SRR25288537,OTHER,300,4869752700,SAMN36440399,2150507912,INSTITUTE OF PATHOGEN BIOLOGY CHINESE ACADEMY OF MEDICAL SCIENCES & PEKING UNION MEDICAL COLLEGE,public,"fastq,run.zq,sra","gs,ncbi,s3","gs.us-east1,ncbi.public,s3.us-east-1",SRX21032088,HiSeq X Ten,library_219,SINGLE,RANDOM PCR,VIRAL RNA,bat metagenome,ILLUMINA,2023-08-13T00:00:00Z,2023-07-15T00:04:00Z,1,Sample_Pool-219,SRP449640,PRJNA994658,2017,China,Asia,China,Metagenome or environmental,Myotis pilosus,not applicable,Pharyngeal and anal swab,,,,,,,,,,,,,,,,,,,,,,,,,,,,,,,,,,,,,,,,,,,,,,,,,,,,,,,,,,,,,,,,,,,,,,,,,,,,,,,,,,,,,,,,,,,,,,,,,,,,,,,
508,SRR25288538,OTHER,300,5225300100,SAMN36440398,2281389463,INSTITUTE OF PATHOGEN BIOLOGY CHINESE ACADEMY OF MEDICAL SCIENCES & PEKING UNION MEDICAL COLLEGE,public,"fastq,run.zq,sra","gs,ncbi,s3","gs.us-east1,ncbi.public,s3.us-east-1",SRX21032087,HiSeq X Ten,library_218,SINGLE,RANDOM PCR,VIRAL RNA,bat metagenome,ILLUMINA,2023-08-13T00:00:00Z,2023-07-15T00:04:00Z,1,Sample_Pool-218,SRP449640,PRJNA994658,2016,China,Asia,China,Metagenome or environmental,Myotis pilosus,not applicable,Pharyngeal and anal swab,,,,,,,,,,,,,,,,,,,,,,,,,,,,,,,,,,,,,,,,,,,,,,,,,,,,,,,,,,,,,,,,,,,,,,,,,,,,,,,,,,,,,,,,,,,,,,,,,,,,,,,
509,SRR25288539,OTHER,300,5883393300,SAMN36440397,2192070786,INSTITUTE OF PATHOGEN BIOLOGY CHINESE ACADEMY OF MEDICAL SCIENCES & PEKING UNION MEDICAL COLLEGE,public,"fastq,run.zq,sra","gs,ncbi,s3","gs.us-east1,ncbi.public,s3.us-east-1",SRX21032086,HiSeq X Ten,library_217,SINGLE,RANDOM PCR,VIRAL RNA,bat metagenome,ILLUMINA,2023-08-13T00:00:00Z,2023-07-15T00:08:00Z,1,Sample_Pool-217,SRP449640,PRJNA994658,2020,China,Asia,China,Metagenome or environmental,Myotis pilosus,not applicable,Pharyngeal and anal swab,,,,,,,,,,,,,,,,,,,,,,,,,,,,,,,,,,,,,,,,,,,,,,,,,,,,,,,,,,,,,,,,,,,,,,,,,,,,,,,,,,,,,,,,,,,,,,,,,,,,,,,
513,SRR25288543,OTHER,300,3841117500,SAMN36440393,1511177939,INSTITUTE OF PATHOGEN BIOLOGY CHINESE ACADEMY OF MEDICAL SCIENCES & PEKING UNION MEDICAL COLLEGE,public,"fastq,run.zq,sra","gs,ncbi,s3","gs.us-east1,ncbi.public,s3.us-east-1",SRX21032082,HiSeq X Ten,library_213,SINGLE,RANDOM PCR,VIRAL RNA,bat metagenome,ILLUMINA,2023-08-13T00:00:00Z,2023-07-15T00:02:00Z,1,Sample_Pool-213,SRP449640,PRJNA994658,2019,China,Asia,China,Metagenome or environmental,Myotis pilosus,not applicable,Pharyngeal and anal swab,,,,,,,,,,,,,,,,,,,,,,,,,,,,,,,,,,,,,,,,,,,,,,,,,,,,,,,,,,,,,,,,,,,,,,,,,,,,,,,,,,,,,,,,,,,,,,,,,,,,,,,
515,SRR25288547,OTHER,300,5082470100,SAMN36440390,2232720613,INSTITUTE OF PATHOGEN BIOLOGY CHINESE ACADEMY OF MEDICAL SCIENCES & PEKING UNION MEDICAL COLLEGE,public,"fastq,run.zq,sra","gs,ncbi,s3","gs.us-east1,ncbi.public,s3.us-east-1",SRX21032078,HiSeq X Ten,library_210,SINGLE,RANDOM PCR,VIRAL RNA,bat metagenome,ILLUMINA,2023-08-13T00:00:00Z,2023-07-15T00:04:00Z,1,Sample_Pool-210,SRP449640,PRJNA994658,2017,China,Asia,China,Metagenome or environmental,Myotis pilosus,not applicable,Pharyngeal and anal swab,,,,,,,,,,,,,,,,,,,,,,,,,,,,,,,,,,,,,,,,,,,,,,,,,,,,,,,,,,,,,,,,,,,,,,,,,,,,,,,,,,,,,,,,,,,,,,,,,,,,,,,
516,SRR25288548,OTHER,300,5331807600,SAMN36440389,2312254835,INSTITUTE OF PATHOGEN BIOLOGY CHINESE ACADEMY OF MEDICAL SCIENCES & PEKING UNION MEDICAL COLLEGE,public,"fastq,run.zq,sra","gs,ncbi,s3","gs.us-east1,ncbi.public,s3.us-east-1",SRX21032077,HiSeq X Ten,library_209,SINGLE,RANDOM PCR,VIRAL RNA,bat metagenome,ILLUMINA,2023-08-13T00:00:00Z,2023-07-15T00:02:00Z,1,Sample_Pool-209,SRP449640,PRJNA994658,2017,China,Asia,China,Metagenome or environmental,Myotis pilosus,not applicable,Pharyngeal and anal swab,,,,,,,,,,,,,,,,,,,,,,,,,,,,,,,,,,,,,,,,,,,,,,,,,,,,,,,,,,,,,,,,,,,,,,,,,,,,,,,,,,,,,,,,,,,,,,,,,,,,,,,
517,SRR25288549,OTHER,300,6005607600,SAMN36440388,2264025392,INSTITUTE OF PATHOGEN BIOLOGY CHINESE ACADEMY OF MEDICAL SCIENCES & PEKING UNION MEDICAL COLLEGE,public,"fastq,run.zq,sra","gs,ncbi,s3","gs.us-east1,ncbi.public,s3.us-east-1",SRX21032076,HiSeq X Ten,library_208,SINGLE,RANDOM PCR,VIRAL RNA,bat metagenome,ILLUMINA,2023-08-13T00:00:00Z,2023-07-15T00:03:00Z,1,Sample_Pool-208,SRP449640,PRJNA994658,2017,China,Asia,China,Metagenome or environmental,Myotis pilosus,not applicable,Pharyngeal and anal swab,,,,,,,,,,,,,,,,,,,,,,,,,,,,,,,,,,,,,,,,,,,,,,,,,,,,,,,,,,,,,,,,,,,,,,,,,,,,,,,,,,,,,,,,,,,,,,,,,,,,,,,
518,SRR25288550,OTHER,300,5217042900,SAMN36440387,1981840427,INSTITUTE OF PATHOGEN BIOLOGY CHINESE ACADEMY OF MEDICAL SCIENCES & PEKING UNION MEDICAL COLLEGE,public,"fastq,run.zq,sra","gs,ncbi,s3","gs.us-east1,ncbi.public,s3.us-east-1",SRX21032075,HiSeq X Ten,library_207,SINGLE,RANDOM PCR,VIRAL RNA,bat metagenome,ILLUMINA,2023-08-13T00:00:00Z,2023-07-15T00:03:00Z,1,Sample_Pool-207,SRP449640,PRJNA994658,2017,China,Asia,China,Metagenome or environmental,Myotis pilosus,not applicable,Pharyngeal and anal swab,,,,,,,,,,,,,,,,,,,,,,,,,,,,,,,,,,,,,,,,,,,,,,,,,,,,,,,,,,,,,,,,,,,,,,,,,,,,,,,,,,,,,,,,,,,,,,,,,,,,,,,
525,SRR25288569,OTHER,417,2250268124,SAMN36440185,1521747631,INSTITUTE OF PATHOGEN BIOLOGY CHINESE ACADEMY OF MEDICAL SCIENCES & PEKING UNION MEDICAL COLLEGE,public,"fastq,run.zq,sra","gs,ncbi,s3","gs.us-east1,ncbi.public,s3.us-east-1",SRX21032427,HiSeq X Ten,library_5,SINGLE,RANDOM PCR,VIRAL RNA,bat metagenome,ILLUMINA,2023-08-13T00:00:00Z,2023-07-15T00:00:00Z,1,Sample_Pool-005,SRP449640,PRJNA994658,2018,China,Asia,China,Metagenome or environmental,Myotis pilosus,not applicable,Pharyngeal and anal swab,,,,,,,,,,,,,,,,,,,,,,,,,,,,,,,,,,,,,,,,,,,,,,,,,,,,,,,,,,,,,,,,,,,,,,,,,,,,,,,,,,,,,,,,,,,,,,,,,,,,,,,
527,SRR25288571,OTHER,300,3488547600,SAMN36440219,1384040269,INSTITUTE OF PATHOGEN BIOLOGY CHINESE ACADEMY OF MEDICAL SCIENCES & PEKING UNION MEDICAL COLLEGE,public,"fastq,run.zq,sra","gs,ncbi,s3","gs.us-east1,ncbi.public,s3.us-east-1",SRX21032425,HiSeq X Ten,library_39,SINGLE,RANDOM PCR,VIRAL RNA,bat metagenome,ILLUMINA,2023-08-13T00:00:00Z,2023-07-15T00:02:00Z,1,Sample_Pool-039,SRP449640,PRJNA994658,2018,China,Asia,China,Metagenome or environmental,Pipistrellus abramus,not applicable,Pharyngeal and anal swab,,,,,,,,,,,,,,,,,,,,,,,,,,,,,,,,,,,,,,,,,,,,,,,,,,,,,,,,,,,,,,,,,,,,,,,,,,,,,,,,,,,,,,,,,,,,,,,,,,,,,,,
552,SRR25288624,OTHER,300,4819639500,SAMN36440349,1780852376,INSTITUTE OF PATHOGEN BIOLOGY CHINESE ACADEMY OF MEDICAL SCIENCES & PEKING UNION MEDICAL COLLEGE,public,"fastq,run.zq,sra","gs,ncbi,s3","gs.us-east1,ncbi.public,s3.us-east-1",SRX21032373,HiSeq X Ten,library_169,SINGLE,RANDOM PCR,VIRAL RNA,bat metagenome,ILLUMINA,2023-08-13T00:00:00Z,2023-07-15T00:04:00Z,1,Sample_Pool-169,SRP449640,PRJNA994658,2020,China,Asia,China,Metagenome or environmental,Pipistrellus abramus,not applicable,Pharyngeal and anal swab,,,,,,,,,,,,,,,,,,,,,,,,,,,,,,,,,,,,,,,,,,,,,,,,,,,,,,,,,,,,,,,,,,,,,,,,,,,,,,,,,,,,,,,,,,,,,,,,,,,,,,,
564,SRR25288637,OTHER,300,5325009900,SAMN36440337,2424252066,INSTITUTE OF PATHOGEN BIOLOGY CHINESE ACADEMY OF MEDICAL SCIENCES & PEKING UNION MEDICAL COLLEGE,public,"fastq,run.zq,sra","gs,ncbi,s3","gs.us-east1,ncbi.public,s3.us-east-1",SRX21032360,HiSeq X Ten,library_157,SINGLE,RANDOM PCR,VIRAL RNA,bat metagenome,ILLUMINA,2023-08-13T00:00:00Z,2023-07-15T00:02:00Z,1,Sample_Pool-157,SRP449640,PRJNA994658,2019,China,Asia,China,Metagenome or environmental,Pipistrellus abramus,not applicable,Pharyngeal and anal swab,,,,,,,,,,,,,,,,,,,,,,,,,,,,,,,,,,,,,,,,,,,,,,,,,,,,,,,,,,,,,,,,,,,,,,,,,,,,,,,,,,,,,,,,,,,,,,,,,,,,,,,
582,SRR25288664,OTHER,300,4570266000,SAMN36440215,1832453564,INSTITUTE OF PATHOGEN BIOLOGY CHINESE ACADEMY OF MEDICAL SCIENCES & PEKING UNION MEDICAL COLLEGE,public,"fastq,run.zq,sra","gs,ncbi,s3","gs.us-east1,ncbi.public,s3.us-east-1",SRX21032332,HiSeq X Ten,library_35,SINGLE,RANDOM PCR,VIRAL RNA,bat metagenome,ILLUMINA,2023-08-13T00:00:00Z,2023-07-15T00:03:00Z,1,Sample_Pool-035,SRP449640,PRJNA994658,2018,China,Asia,China,Metagenome or environmental,Scotophilus kuhlii,not applicable,Pharyngeal and anal swab,,,,,,,,,,,,,,,,,,,,,,,,,,,,,,,,,,,,,,,,,,,,,,,,,,,,,,,,,,,,,,,,,,,,,,,,,,,,,,,,,,,,,,,,,,,,,,,,,,,,,,,
595,SRR25288687,OTHER,300,4843995600,SAMN36440205,1971399163,INSTITUTE OF PATHOGEN BIOLOGY CHINESE ACADEMY OF MEDICAL SCIENCES & PEKING UNION MEDICAL COLLEGE,public,"fastq,run.zq,sra","gs,ncbi,s3","gs.us-east1,ncbi.public,s3.us-east-1",SRX21032310,HiSeq X Ten,library_25,SINGLE,RANDOM PCR,VIRAL RNA,bat metagenome,ILLUMINA,2023-08-13T00:00:00Z,2023-07-15T00:03:00Z,1,Sample_Pool-025,SRP449640,PRJNA994658,2018,China,Asia,China,Metagenome or environmental,Scotophilus kuhlii,not applicable,Pharyngeal and anal swab,,,,,,,,,,,,,,,,,,,,,,,,,,,,,,,,,,,,,,,,,,,,,,,,,,,,,,,,,,,,,,,,,,,,,,,,,,,,,,,,,,,,,,,,,,,,,,,,,,,,,,,
602,SRR25288699,OTHER,300,4693462200,SAMN36440410,2094735764,INSTITUTE OF PATHOGEN BIOLOGY CHINESE ACADEMY OF MEDICAL SCIENCES & PEKING UNION MEDICAL COLLEGE,public,"fastq,run.zq,sra","gs,ncbi,s3","gs.us-east1,ncbi.public,s3.us-east-1",SRX21032298,HiSeq X Ten,library_230,SINGLE,RANDOM PCR,VIRAL RNA,bat metagenome,ILLUMINA,2023-08-13T00:00:00Z,2023-07-15T00:03:00Z,1,Sample_Pool-230,SRP449640,PRJNA994658,2016,China,Asia,China,Metagenome or environmental,Miniopterus pusillus,not applicable,Pharyngeal and anal swab,,,,,,,,,,,,,,,,,,,,,,,,,,,,,,,,,,,,,,,,,,,,,,,,,,,,,,,,,,,,,,,,,,,,,,,,,,,,,,,,,,,,,,,,,,,,,,,,,,,,,,,
606,SRR25288708,OTHER,300,4915741200,SAMN36440326,1855020907,INSTITUTE OF PATHOGEN BIOLOGY CHINESE ACADEMY OF MEDICAL SCIENCES & PEKING UNION MEDICAL COLLEGE,public,"fastq,run.zq,sra","gs,ncbi,s3","gs.us-east1,ncbi.public,s3.us-east-1",SRX21032290,HiSeq X Ten,library_146,SINGLE,RANDOM PCR,VIRAL RNA,bat metagenome,ILLUMINA,2023-08-13T00:00:00Z,2023-07-15T00:02:00Z,1,Sample_Pool-146,SRP449640,PRJNA994658,2019,China,Asia,China,Metagenome or environmental,Tylonycteris pachypus,not applicable,Pharyngeal and anal swab,,,,,,,,,,,,,,,,,,,,,,,,,,,,,,,,,,,,,,,,,,,,,,,,,,,,,,,,,,,,,,,,,,,,,,,,,,,,,,,,,,,,,,,,,,,,,,,,,,,,,,,
607,SRR25288709,OTHER,300,4639583400,SAMN36440325,1770411612,INSTITUTE OF PATHOGEN BIOLOGY CHINESE ACADEMY OF MEDICAL SCIENCES & PEKING UNION MEDICAL COLLEGE,public,"fastq,run.zq,sra","gs,ncbi,s3","gs.us-east1,ncbi.public,s3.us-east-1",SRX21032289,HiSeq X Ten,library_145,SINGLE,RANDOM PCR,VIRAL RNA,bat metagenome,ILLUMINA,2023-08-13T00:00:00Z,2023-07-15T00:03:00Z,1,Sample_Pool-145,SRP449640,PRJNA994658,2019,China,Asia,China,Metagenome or environmental,Tylonycteris pachypus,not applicable,Pharyngeal and anal swab,,,,,,,,,,,,,,,,,,,,,,,,,,,,,,,,,,,,,,,,,,,,,,,,,,,,,,,,,,,,,,,,,,,,,,,,,,,,,,,,,,,,,,,,,,,,,,,,,,,,,,,
621,SRR25288725,OTHER,375,1339975541,SAMN36440194,962161238,INSTITUTE OF PATHOGEN BIOLOGY CHINESE ACADEMY OF MEDICAL SCIENCES & PEKING UNION MEDICAL COLLEGE,public,"fastq,run.zq,sra","gs,ncbi,s3","gs.us-east1,ncbi.public,s3.us-east-1",SRX21032273,HiSeq X Ten,library_14,SINGLE,RANDOM PCR,VIRAL RNA,bat metagenome,ILLUMINA,2023-08-13T00:00:00Z,2023-07-14T23:59:00Z,1,Sample_Pool-014,SRP449640,PRJNA994658,2018,China,Asia,China,Metagenome or environmental,Hipposideros armiger,not applicable,Pharyngeal and anal swab,,,,,,,,,,,,,,,,,,,,,,,,,,,,,,,,,,,,,,,,,,,,,,,,,,,,,,,,,,,,,,,,,,,,,,,,,,,,,,,,,,,,,,,,,,,,,,,,,,,,,,,
632,SRR25288741,OTHER,300,4089993300,SAMN36440253,1699426396,INSTITUTE OF PATHOGEN BIOLOGY CHINESE ACADEMY OF MEDICAL SCIENCES & PEKING UNION MEDICAL COLLEGE,public,"fastq,run.zq,sra","gs,ncbi,s3","gs.us-east1,ncbi.public,s3.us-east-1",SRX21032257,HiSeq X Ten,library_73,SINGLE,RANDOM PCR,VIRAL RNA,bat metagenome,ILLUMINA,2023-08-13T00:00:00Z,2023-07-15T00:02:00Z,1,Sample_Pool-073,SRP449640,PRJNA994658,2020,China,Asia,China,Metagenome or environmental,Chiroptera sp.,not applicable,Pharyngeal and anal swab,,,,,,,,,,,,,,,,,,,,,,,,,,,,,,,,,,,,,,,,,,,,,,,,,,,,,,,,,,,,,,,,,,,,,,,,,,,,,,,,,,,,,,,,,,,,,,,,,,,,,,,
640,SRR25288751,OTHER,300,4643683200,SAMN36440244,1902526210,INSTITUTE OF PATHOGEN BIOLOGY CHINESE ACADEMY OF MEDICAL SCIENCES & PEKING UNION MEDICAL COLLEGE,public,"fastq,run.zq,sra","gs,ncbi,s3","gs.us-east1,ncbi.public,s3.us-east-1",SRX21032247,HiSeq X Ten,library_64,SINGLE,RANDOM PCR,VIRAL RNA,bat metagenome,ILLUMINA,2023-08-13T00:00:00Z,2023-07-15T00:03:00Z,1,Sample_Pool-064,SRP449640,PRJNA994658,2020,China,Asia,China,Metagenome or environmental,Myotis chinensis,not applicable,Pharyngeal and anal swab,,,,,,,,,,,,,,,,,,,,,,,,,,,,,,,,,,,,,,,,,,,,,,,,,,,,,,,,,,,,,,,,,,,,,,,,,,,,,,,,,,,,,,,,,,,,,,,,,,,,,,,
644,SRR25288767,OTHER,300,6037123500,SAMN36440483,2371763940,INSTITUTE OF PATHOGEN BIOLOGY CHINESE ACADEMY OF MEDICAL SCIENCES & PEKING UNION MEDICAL COLLEGE,public,"fastq,run.zq,sra","gs,ncbi,s3","gs.us-east1,ncbi.public,s3.us-east-1",SRX21032232,HiSeq X Ten,library_303,SINGLE,RANDOM PCR,VIRAL RNA,bat metagenome,ILLUMINA,2023-08-13T00:00:00Z,2023-07-15T00:04:00Z,1,Sample_Pool-303,SRP449640,PRJNA994658,2020,China,Asia,China,Metagenome or environmental,Rhinolophus ferrumequinum,not applicable,Pharyngeal and anal swab,,,,,,,,,,,,,,,,,,,,,,,,,,,,,,,,,,,,,,,,,,,,,,,,,,,,,,,,,,,,,,,,,,,,,,,,,,,,,,,,,,,,,,,,,,,,,,,,,,,,,,,
658,SRR25288796,OTHER,300,5812832700,SAMN36440380,2150305525,INSTITUTE OF PATHOGEN BIOLOGY CHINESE ACADEMY OF MEDICAL SCIENCES & PEKING UNION MEDICAL COLLEGE,public,"fastq,run.zq,sra","gs,ncbi,s3","gs.us-east1,ncbi.public,s3.us-east-1",SRX21032202,HiSeq X Ten,library_200,SINGLE,RANDOM PCR,VIRAL RNA,bat metagenome,ILLUMINA,2023-08-13T00:00:00Z,2023-07-15T00:05:00Z,1,Sample_Pool-200,SRP449640,PRJNA994658,2017,China,Asia,China,Metagenome or environmental,Hipposideros larvatus,not applicable,Pharyngeal and anal swab,,,,,,,,,,,,,,,,,,,,,,,,,,,,,,,,,,,,,,,,,,,,,,,,,,,,,,,,,,,,,,,,,,,,,,,,,,,,,,,,,,,,,,,,,,,,,,,,,,,,,,,
663,SRR25288803,OTHER,300,4367510100,SAMN36440373,1939178562,INSTITUTE OF PATHOGEN BIOLOGY CHINESE ACADEMY OF MEDICAL SCIENCES & PEKING UNION MEDICAL COLLEGE,public,"fastq,run.zq,sra","gs,ncbi,s3","gs.us-east1,ncbi.public,s3.us-east-1",SRX21032195,HiSeq X Ten,library_193,SINGLE,RANDOM PCR,VIRAL RNA,bat metagenome,ILLUMINA,2023-08-13T00:00:00Z,2023-07-15T00:04:00Z,1,Sample_Pool-193,SRP449640,PRJNA994658,2018,China,Asia,China,Metagenome or environmental,Hipposideros larvatus,not applicable,Pharyngeal and anal swab,,,,,,,,,,,,,,,,,,,,,,,,,,,,,,,,,,,,,,,,,,,,,,,,,,,,,,,,,,,,,,,,,,,,,,,,,,,,,,,,,,,,,,,,,,,,,,,,,,,,,,,
664,SRR25288804,OTHER,300,4811307600,SAMN36440372,1872880139,INSTITUTE OF PATHOGEN BIOLOGY CHINESE ACADEMY OF MEDICAL SCIENCES & PEKING UNION MEDICAL COLLEGE,public,"fastq,run.zq,sra","gs,ncbi,s3","gs.us-east1,ncbi.public,s3.us-east-1",SRX21032194,HiSeq X Ten,library_192,SINGLE,RANDOM PCR,VIRAL RNA,bat metagenome,ILLUMINA,2023-08-13T00:00:00Z,2023-07-15T00:03:00Z,1,Sample_Pool-192,SRP449640,PRJNA994658,2018,China,Asia,China,Metagenome or environmental,Hipposideros larvatus,not applicable,Pharyngeal and anal swab,,,,,,,,,,,,,,,,,,,,,,,,,,,,,,,,,,,,,,,,,,,,,,,,,,,,,,,,,,,,,,,,,,,,,,,,,,,,,,,,,,,,,,,,,,,,,,,,,,,,,,,
665,SRR25288805,OTHER,300,5010835200,SAMN36440371,2295339502,INSTITUTE OF PATHOGEN BIOLOGY CHINESE ACADEMY OF MEDICAL SCIENCES & PEKING UNION MEDICAL COLLEGE,public,"fastq,run.zq,sra","gs,ncbi,s3","gs.us-east1,ncbi.public,s3.us-east-1",SRX21032193,HiSeq X Ten,library_191,SINGLE,RANDOM PCR,VIRAL RNA,bat metagenome,ILLUMINA,2023-08-13T00:00:00Z,2023-07-15T00:04:00Z,1,Sample_Pool-191,SRP449640,PRJNA994658,2017,China,Asia,China,Metagenome or environmental,Hipposideros larvatus,not applicable,Pharyngeal and anal swab,,,,,,,,,,,,,,,,,,,,,,,,,,,,,,,,,,,,,,,,,,,,,,,,,,,,,,,,,,,,,,,,,,,,,,,,,,,,,,,,,,,,,,,,,,,,,,,,,,,,,,,
667,SRR25288810,OTHER,300,5602576200,SAMN36440367,2581069327,INSTITUTE OF PATHOGEN BIOLOGY CHINESE ACADEMY OF MEDICAL SCIENCES & PEKING UNION MEDICAL COLLEGE,public,"fastq,run.zq,sra","gs,ncbi,s3","gs.us-east1,ncbi.public,s3.us-east-1",SRX21032188,HiSeq X Ten,library_187,SINGLE,RANDOM PCR,VIRAL RNA,bat metagenome,ILLUMINA,2023-08-13T00:00:00Z,2023-07-15T00:04:00Z,1,Sample_Pool-187,SRP449640,PRJNA994658,2016,China,Asia,China,Metagenome or environmental,Hipposideros larvatus,not applicable,Pharyngeal and anal swab,,,,,,,,,,,,,,,,,,,,,,,,,,,,,,,,,,,,,,,,,,,,,,,,,,,,,,,,,,,,,,,,,,,,,,,,,,,,,,,,,,,,,,,,,,,,,,,,,,,,,,,
668,SRR25288811,OTHER,300,5189583300,SAMN36440366,1938280534,INSTITUTE OF PATHOGEN BIOLOGY CHINESE ACADEMY OF MEDICAL SCIENCES & PEKING UNION MEDICAL COLLEGE,public,"fastq,run.zq,sra","gs,ncbi,s3","gs.us-east1,ncbi.public,s3.us-east-1",SRX21032187,HiSeq X Ten,library_186,SINGLE,RANDOM PCR,VIRAL RNA,bat metagenome,ILLUMINA,2023-08-13T00:00:00Z,2023-07-15T00:04:00Z,1,Sample_Pool-186,SRP449640,PRJNA994658,2017,China,Asia,China,Metagenome or environmental,Scotophilus kuhlii,not applicable,Pharyngeal and anal swab,,,,,,,,,,,,,,,,,,,,,,,,,,,,,,,,,,,,,,,,,,,,,,,,,,,,,,,,,,,,,,,,,,,,,,,,,,,,,,,,,,,,,,,,,,,,,,,,,,,,,,,
669,SRR25288812,OTHER,300,4624237500,SAMN36440365,2041194737,INSTITUTE OF PATHOGEN BIOLOGY CHINESE ACADEMY OF MEDICAL SCIENCES & PEKING UNION MEDICAL COLLEGE,public,"fastq,run.zq,sra","gs,ncbi,s3","gs.us-east1,ncbi.public,s3.us-east-1",SRX21032186,HiSeq X Ten,library_185,SINGLE,RANDOM PCR,VIRAL RNA,bat metagenome,ILLUMINA,2023-08-13T00:00:00Z,2023-07-15T00:04:00Z,1,Sample_Pool-185,SRP449640,PRJNA994658,2017,China,Asia,China,Metagenome or environmental,Scotophilus kuhlii,not applicable,Pharyngeal and anal swab,,,,,,,,,,,,,,,,,,,,,,,,,,,,,,,,,,,,,,,,,,,,,,,,,,,,,,,,,,,,,,,,,,,,,,,,,,,,,,,,,,,,,,,,,,,,,,,,,,,,,,,
671,SRR25288814,OTHER,300,4853963700,SAMN36440363,1907060836,INSTITUTE OF PATHOGEN BIOLOGY CHINESE ACADEMY OF MEDICAL SCIENCES & PEKING UNION MEDICAL COLLEGE,public,"fastq,run.zq,sra","gs,ncbi,s3","gs.us-east1,ncbi.public,s3.us-east-1",SRX21032184,HiSeq X Ten,library_183,SINGLE,RANDOM PCR,VIRAL RNA,bat metagenome,ILLUMINA,2023-08-13T00:00:00Z,2023-07-15T00:05:00Z,1,Sample_Pool-183,SRP449640,PRJNA994658,2017,China,Asia,China,Metagenome or environmental,Scotophilus kuhlii,not applicable,Pharyngeal and anal swab,,,,,,,,,,,,,,,,,,,,,,,,,,,,,,,,,,,,,,,,,,,,,,,,,,,,,,,,,,,,,,,,,,,,,,,,,,,,,,,,,,,,,,,,,,,,,,,,,,,,,,,
687,SRR25288835,OTHER,300,3975014700,SAMN36440292,1725205000,INSTITUTE OF PATHOGEN BIOLOGY CHINESE ACADEMY OF MEDICAL SCIENCES & PEKING UNION MEDICAL COLLEGE,public,"fastq,run.zq,sra","gs,ncbi,s3","gs.us-east1,ncbi.public,s3.us-east-1",SRX21032162,HiSeq X Ten,library_112,SINGLE,RANDOM PCR,VIRAL RNA,bat metagenome,ILLUMINA,2023-08-13T00:00:00Z,2023-07-15T00:03:00Z,1,Sample_Pool-112,SRP449640,PRJNA994658,2016,China,Asia,China,Metagenome or environmental,Rhinolophus sp.,not applicable,Pharyngeal and anal swab,,,,,,,,,,,,,,,,,,,,,,,,,,,,,,,,,,,,,,,,,,,,,,,,,,,,,,,,,,,,,,,,,,,,,,,,,,,,,,,,,,,,,,,,,,,,,,,,,,,,,,,
688,SRR25288836,OTHER,300,4658608500,SAMN36440291,2005421933,INSTITUTE OF PATHOGEN BIOLOGY CHINESE ACADEMY OF MEDICAL SCIENCES & PEKING UNION MEDICAL COLLEGE,public,"fastq,run.zq,sra","gs,ncbi,s3","gs.us-east1,ncbi.public,s3.us-east-1",SRX21032161,HiSeq X Ten,library_111,SINGLE,RANDOM PCR,VIRAL RNA,bat metagenome,ILLUMINA,2023-08-13T00:00:00Z,2023-07-15T00:03:00Z,1,Sample_Pool-111,SRP449640,PRJNA994658,2019,China,Asia,China,Metagenome or environmental,Rhinolophus pearsonii,not applicable,Pharyngeal and anal swab,,,,,,,,,,,,,,,,,,,,,,,,,,,,,,,,,,,,,,,,,,,,,,,,,,,,,,,,,,,,,,,,,,,,,,,,,,,,,,,,,,,,,,,,,,,,,,,,,,,,,,,
692,SRR25288846,OTHER,300,3987980700,SAMN36440282,1714746122,INSTITUTE OF PATHOGEN BIOLOGY CHINESE ACADEMY OF MEDICAL SCIENCES & PEKING UNION MEDICAL COLLEGE,public,"fastq,run.zq,sra","gs,ncbi,s3","gs.us-east1,ncbi.public,s3.us-east-1",SRX21032151,HiSeq X Ten,library_102,SINGLE,RANDOM PCR,VIRAL RNA,bat metagenome,ILLUMINA,2023-08-13T00:00:00Z,2023-07-15T00:03:00Z,1,Sample_Pool-102,SRP449640,PRJNA994658,2017,China,Asia,China,Metagenome or environmental,Rhinolophus affinis,not applicable,Pharyngeal and anal swab,,,,,,,,,,,,,,,,,,,,,,,,,,,,,,,,,,,,,,,,,,,,,,,,,,,,,,,,,,,,,,,,,,,,,,,,,,,,,,,,,,,,,,,,,,,,,,,,,,,,,,,
694,SRR25288848,OTHER,363,1902189336,SAMN36440191,1326602260,INSTITUTE OF PATHOGEN BIOLOGY CHINESE ACADEMY OF MEDICAL SCIENCES & PEKING UNION MEDICAL COLLEGE,public,"fastq,run.zq,sra","gs,ncbi,s3","gs.us-east1,ncbi.public,s3.us-east-1",SRX21032149,HiSeq X Ten,library_11,SINGLE,RANDOM PCR,VIRAL RNA,bat metagenome,ILLUMINA,2023-08-13T00:00:00Z,2023-07-15T00:01:00Z,1,Sample_Pool-011,SRP449640,PRJNA994658,2018,China,Asia,China,Metagenome or environmental,Miniopterus schreibersii,not applicable,Pharyngeal and anal swab,,,,,,,,,,,,,,,,,,,,,,,,,,,,,,,,,,,,,,,,,,,,,,,,,,,,,,,,,,,,,,,,,,,,,,,,,,,,,,,,,,,,,,,,,,,,,,,,,,,,,,,
732,SRR25288521,OTHER,300,4226235000,SAMN36440493,1806885413,INSTITUTE OF PATHOGEN BIOLOGY CHINESE ACADEMY OF MEDICAL SCIENCES & PEKING UNION MEDICAL COLLEGE,public,"fastq,run.zq,sra","gs,ncbi,s3","gs.us-east1,ncbi.public,s3.us-east-1",SRX21032105,HiSeq X Ten,library_313,SINGLE,RANDOM PCR,VIRAL RNA,bat metagenome,ILLUMINA,2023-08-13T00:00:00Z,2023-07-15T00:03:00Z,1,Sample_Pool-313,SRP449640,PRJNA994658,2020,China,Asia,China,Metagenome or environmental,Chiroptera sp.,not applicable,Pharyngeal and anal swab,,,,,,,,,,,,,,,,,,,,,,,,,,,,,,,,,,,,,,,,,,,,,,,,,,,,,,,,,,,,,,,,,,,,,,,,,,,,,,,,,,,,,,,,,,,,,,,,,,,,,,,
733,SRR25288522,OTHER,300,4855118400,SAMN36440492,2178459478,INSTITUTE OF PATHOGEN BIOLOGY CHINESE ACADEMY OF MEDICAL SCIENCES & PEKING UNION MEDICAL COLLEGE,public,"fastq,run.zq,sra","gs,ncbi,s3","gs.us-east1,ncbi.public,s3.us-east-1",SRX21032104,HiSeq X Ten,library_312,SINGLE,RANDOM PCR,VIRAL RNA,bat metagenome,ILLUMINA,2023-08-13T00:00:00Z,2023-07-15T00:04:00Z,1,Sample_Pool-312,SRP449640,PRJNA994658,2020,China,Asia,China,Metagenome or environmental,Hipposideros sp.,not applicable,Pharyngeal and anal swab,,,,,,,,,,,,,,,,,,,,,,,,,,,,,,,,,,,,,,,,,,,,,,,,,,,,,,,,,,,,,,,,,,,,,,,,,,,,,,,,,,,,,,,,,,,,,,,,,,,,,,,
737,SRR25288544,OTHER,300,5201061900,SAMN36440392,2298212985,INSTITUTE OF PATHOGEN BIOLOGY CHINESE ACADEMY OF MEDICAL SCIENCES & PEKING UNION MEDICAL COLLEGE,public,"fastq,run.zq,sra","gs,ncbi,s3","gs.us-east1,ncbi.public,s3.us-east-1",SRX21032081,HiSeq X Ten,library_212,SINGLE,RANDOM PCR,VIRAL RNA,bat metagenome,ILLUMINA,2023-08-13T00:00:00Z,2023-07-15T00:05:00Z,1,Sample_Pool-212,SRP449640,PRJNA994658,2019,China,Asia,China,Metagenome or environmental,Myotis pilosus,not applicable,Pharyngeal and anal swab,,,,,,,,,,,,,,,,,,,,,,,,,,,,,,,,,,,,,,,,,,,,,,,,,,,,,,,,,,,,,,,,,,,,,,,,,,,,,,,,,,,,,,,,,,,,,,,,,,,,,,,
738,SRR25288545,OTHER,300,5071170600,SAMN36440391,1963566390,INSTITUTE OF PATHOGEN BIOLOGY CHINESE ACADEMY OF MEDICAL SCIENCES & PEKING UNION MEDICAL COLLEGE,public,"fastq,run.zq,sra","gs,ncbi,s3","gs.us-east1,ncbi.public,s3.us-east-1",SRX21032080,HiSeq X Ten,library_211,SINGLE,RANDOM PCR,VIRAL RNA,bat metagenome,ILLUMINA,2023-08-13T00:00:00Z,2023-07-15T00:03:00Z,1,Sample_Pool-211,SRP449640,PRJNA994658,2017,China,Asia,China,Metagenome or environmental,Myotis pilosus,not applicable,Pharyngeal and anal swab,,,,,,,,,,,,,,,,,,,,,,,,,,,,,,,,,,,,,,,,,,,,,,,,,,,,,,,,,,,,,,,,,,,,,,,,,,,,,,,,,,,,,,,,,,,,,,,,,,,,,,,
739,SRR25288551,OTHER,300,4910289000,SAMN36440386,2203979614,INSTITUTE OF PATHOGEN BIOLOGY CHINESE ACADEMY OF MEDICAL SCIENCES & PEKING UNION MEDICAL COLLEGE,public,"fastq,run.zq,sra","gs,ncbi,s3","gs.us-east1,ncbi.public,s3.us-east-1",SRX21032074,HiSeq X Ten,library_206,SINGLE,RANDOM PCR,VIRAL RNA,bat metagenome,ILLUMINA,2023-08-13T00:00:00Z,2023-07-15T00:03:00Z,1,Sample_Pool-206,SRP449640,PRJNA994658,2017,China,Asia,China,Metagenome or environmental,Myotis pilosus,not applicable,Pharyngeal and anal swab,,,,,,,,,,,,,,,,,,,,,,,,,,,,,,,,,,,,,,,,,,,,,,,,,,,,,,,,,,,,,,,,,,,,,,,,,,,,,,,,,,,,,,,,,,,,,,,,,,,,,,,
756,SRR25288586,OTHER,300,4310848500,SAMN36440460,1801341566,INSTITUTE OF PATHOGEN BIOLOGY CHINESE ACADEMY OF MEDICAL SCIENCES & PEKING UNION MEDICAL COLLEGE,public,"fastq,run.zq,sra","gs,ncbi,s3","gs.us-east1,ncbi.public,s3.us-east-1",SRX21032410,HiSeq X Ten,library_280,SINGLE,RANDOM PCR,VIRAL RNA,bat metagenome,ILLUMINA,2023-08-13T00:00:00Z,2023-07-15T00:01:00Z,1,Sample_Pool-280,SRP449640,PRJNA994658,2016,China,Asia,China,Metagenome or environmental,Myotis chinensis,not applicable,Pharyngeal and anal swab,,,,,,,,,,,,,,,,,,,,,,,,,,,,,,,,,,,,,,,,,,,,,,,,,,,,,,,,,,,,,,,,,,,,,,,,,,,,,,,,,,,,,,,,,,,,,,,,,,,,,,,
758,SRR25288588,OTHER,300,4871069100,SAMN36440459,2166644861,INSTITUTE OF PATHOGEN BIOLOGY CHINESE ACADEMY OF MEDICAL SCIENCES & PEKING UNION MEDICAL COLLEGE,public,"fastq,run.zq,sra","gs,ncbi,s3","gs.us-east1,ncbi.public,s3.us-east-1",SRX21032409,HiSeq X Ten,library_279,SINGLE,RANDOM PCR,VIRAL RNA,bat metagenome,ILLUMINA,2023-08-13T00:00:00Z,2023-07-15T00:03:00Z,1,Sample_Pool-279,SRP449640,PRJNA994658,2017,China,Asia,China,Metagenome or environmental,Myotis chinensis,not applicable,Pharyngeal and anal swab,,,,,,,,,,,,,,,,,,,,,,,,,,,,,,,,,,,,,,,,,,,,,,,,,,,,,,,,,,,,,,,,,,,,,,,,,,,,,,,,,,,,,,,,,,,,,,,,,,,,,,,
759,SRR25288589,OTHER,300,3626841000,SAMN36440458,1580485157,INSTITUTE OF PATHOGEN BIOLOGY CHINESE ACADEMY OF MEDICAL SCIENCES & PEKING UNION MEDICAL COLLEGE,public,"fastq,run.zq,sra","gs,ncbi,s3","gs.us-east1,ncbi.public,s3.us-east-1",SRX21032408,HiSeq X Ten,library_278,SINGLE,RANDOM PCR,VIRAL RNA,bat metagenome,ILLUMINA,2023-08-13T00:00:00Z,2023-07-15T00:02:00Z,1,Sample_Pool-278,SRP449640,PRJNA994658,2016,China,Asia,China,Metagenome or environmental,Myotis chinensis,not applicable,Pharyngeal and anal swab,,,,,,,,,,,,,,,,,,,,,,,,,,,,,,,,,,,,,,,,,,,,,,,,,,,,,,,,,,,,,,,,,,,,,,,,,,,,,,,,,,,,,,,,,,,,,,,,,,,,,,,
773,SRR25288616,OTHER,300,5132995800,SAMN36440356,1944827816,INSTITUTE OF PATHOGEN BIOLOGY CHINESE ACADEMY OF MEDICAL SCIENCES & PEKING UNION MEDICAL COLLEGE,public,"fastq,run.zq,sra","gs,ncbi,s3","gs.us-east1,ncbi.public,s3.us-east-1",SRX21032381,HiSeq X Ten,library_176,SINGLE,RANDOM PCR,VIRAL RNA,bat metagenome,ILLUMINA,2023-08-13T00:00:00Z,2023-07-15T00:03:00Z,1,Sample_Pool-176,SRP449640,PRJNA994658,2018,China,Asia,China,Metagenome or environmental,Scotophilus kuhlii,not applicable,Pharyngeal and anal swab,,,,,,,,,,,,,,,,,,,,,,,,,,,,,,,,,,,,,,,,,,,,,,,,,,,,,,,,,,,,,,,,,,,,,,,,,,,,,,,,,,,,,,,,,,,,,,,,,,,,,,,
804,SRR25288700,OTHER,300,5012327100,SAMN36440409,2283137665,INSTITUTE OF PATHOGEN BIOLOGY CHINESE ACADEMY OF MEDICAL SCIENCES & PEKING UNION MEDICAL COLLEGE,public,"fastq,run.zq,sra","gs,ncbi,s3","gs.us-east1,ncbi.public,s3.us-east-1",SRX21032297,HiSeq X Ten,library_229,SINGLE,RANDOM PCR,VIRAL RNA,bat metagenome,ILLUMINA,2023-08-13T00:00:00Z,2023-07-15T00:06:00Z,1,Sample_Pool-229,SRP449640,PRJNA994658,2016,China,Asia,China,Metagenome or environmental,Miniopterus pusillus,not applicable,Pharyngeal and anal swab,,,,,,,,,,,,,,,,,,,,,,,,,,,,,,,,,,,,,,,,,,,,,,,,,,,,,,,,,,,,,,,,,,,,,,,,,,,,,,,,,,,,,,,,,,,,,,,,,,,,,,,
815,SRR25288732,OTHER,300,6136647600,SAMN36440261,2637842212,INSTITUTE OF PATHOGEN BIOLOGY CHINESE ACADEMY OF MEDICAL SCIENCES & PEKING UNION MEDICAL COLLEGE,public,"fastq,run.zq,sra","gs,ncbi,s3","gs.us-east1,ncbi.public,s3.us-east-1",SRX21032266,HiSeq X Ten,library_81,SINGLE,RANDOM PCR,VIRAL RNA,bat metagenome,ILLUMINA,2023-08-13T00:00:00Z,2023-07-15T00:11:00Z,1,Sample_Pool-081,SRP449640,PRJNA994658,2017,China,Asia,China,Metagenome or environmental,Rhinolophus pusillus,not applicable,Pharyngeal and anal swab,,,,,,,,,,,,,,,,,,,,,,,,,,,,,,,,,,,,,,,,,,,,,,,,,,,,,,,,,,,,,,,,,,,,,,,,,,,,,,,,,,,,,,,,,,,,,,,,,,,,,,,
818,SRR25288752,OTHER,300,5031880200,SAMN36440243,2085128793,INSTITUTE OF PATHOGEN BIOLOGY CHINESE ACADEMY OF MEDICAL SCIENCES & PEKING UNION MEDICAL COLLEGE,public,"fastq,run.zq,sra","gs,ncbi,s3","gs.us-east1,ncbi.public,s3.us-east-1",SRX21032246,HiSeq X Ten,library_63,SINGLE,RANDOM PCR,VIRAL RNA,bat metagenome,ILLUMINA,2023-08-13T00:00:00Z,2023-07-15T00:03:00Z,1,Sample_Pool-063,SRP449640,PRJNA994658,2020,China,Asia,China,Metagenome or environmental,Myotis pilosus,not applicable,Pharyngeal and anal swab,,,,,,,,,,,,,,,,,,,,,,,,,,,,,,,,,,,,,,,,,,,,,,,,,,,,,,,,,,,,,,,,,,,,,,,,,,,,,,,,,,,,,,,,,,,,,,,,,,,,,,,
824,SRR25288759,OTHER,300,4908011400,SAMN36440237,2036884733,INSTITUTE OF PATHOGEN BIOLOGY CHINESE ACADEMY OF MEDICAL SCIENCES & PEKING UNION MEDICAL COLLEGE,public,"fastq,run.zq,sra","gs,ncbi,s3","gs.us-east1,ncbi.public,s3.us-east-1",SRX21032239,HiSeq X Ten,library_57,SINGLE,RANDOM PCR,VIRAL RNA,bat metagenome,ILLUMINA,2023-08-13T00:00:00Z,2023-07-15T00:02:00Z,1,Sample_Pool-057,SRP449640,PRJNA994658,2020,China,Asia,China,Metagenome or environmental,Rhinolophus affinis,not applicable,Pharyngeal and anal swab,,,,,,,,,,,,,,,,,,,,,,,,,,,,,,,,,,,,,,,,,,,,,,,,,,,,,,,,,,,,,,,,,,,,,,,,,,,,,,,,,,,,,,,,,,,,,,,,,,,,,,,
828,SRR25288763,OTHER,300,6329672100,SAMN36440486,2500898665,INSTITUTE OF PATHOGEN BIOLOGY CHINESE ACADEMY OF MEDICAL SCIENCES & PEKING UNION MEDICAL COLLEGE,public,"fastq,run.zq,sra","gs,ncbi,s3","gs.us-east1,ncbi.public,s3.us-east-1",SRX21032235,HiSeq X Ten,library_306,SINGLE,RANDOM PCR,VIRAL RNA,bat metagenome,ILLUMINA,2023-08-13T00:00:00Z,2023-07-15T00:03:00Z,1,Sample_Pool-306,SRP449640,PRJNA994658,2020,China,Asia,China,Metagenome or environmental,Rhinolophus sinicus,not applicable,Pharyngeal and anal swab,,,,,,,,,,,,,,,,,,,,,,,,,,,,,,,,,,,,,,,,,,,,,,,,,,,,,,,,,,,,,,,,,,,,,,,,,,,,,,,,,,,,,,,,,,,,,,,,,,,,,,,
832,SRR25288771,OTHER,413,2519867281,SAMN36440184,1709151177,INSTITUTE OF PATHOGEN BIOLOGY CHINESE ACADEMY OF MEDICAL SCIENCES & PEKING UNION MEDICAL COLLEGE,public,"fastq,run.zq,sra","gs,ncbi,s3","gs.us-east1,ncbi.public,s3.us-east-1",SRX21032228,HiSeq X Ten,library_4,SINGLE,RANDOM PCR,VIRAL RNA,bat metagenome,ILLUMINA,2023-08-13T00:00:00Z,2023-07-15T00:02:00Z,1,Sample_Pool-004,SRP449640,PRJNA994658,2018,China,Asia,China,Metagenome or environmental,Myotis chinensis,not applicable,Pharyngeal and anal swab,,,,,,,,,,,,,,,,,,,,,,,,,,,,,,,,,,,,,,,,,,,,,,,,,,,,,,,,,,,,,,,,,,,,,,,,,,,,,,,,,,,,,,,,,,,,,,,,,,,,,,,
839,SRR25288784,OTHER,300,6137338800,SAMN36440469,2439810402,INSTITUTE OF PATHOGEN BIOLOGY CHINESE ACADEMY OF MEDICAL SCIENCES & PEKING UNION MEDICAL COLLEGE,public,"fastq,run.zq,sra","gs,ncbi,s3","gs.us-east1,ncbi.public,s3.us-east-1",SRX21032215,HiSeq X Ten,library_289,SINGLE,RANDOM PCR,VIRAL RNA,bat metagenome,ILLUMINA,2023-08-13T00:00:00Z,2023-07-15T00:03:00Z,1,Sample_Pool-289,SRP449640,PRJNA994658,2016,China,Asia,China,Metagenome or environmental,Ia io,not applicable,Pharyngeal and anal swab,,,,,,,,,,,,,,,,,,,,,,,,,,,,,,,,,,,,,,,,,,,,,,,,,,,,,,,,,,,,,,,,,,,,,,,,,,,,,,,,,,,,,,,,,,,,,,,,,,,,,,,
842,SRR25288792,OTHER,300,5144095500,SAMN36440461,2243309235,INSTITUTE OF PATHOGEN BIOLOGY CHINESE ACADEMY OF MEDICAL SCIENCES & PEKING UNION MEDICAL COLLEGE,public,"fastq,run.zq,sra","gs,ncbi,s3","gs.us-east1,ncbi.public,s3.us-east-1",SRX21032207,HiSeq X Ten,library_281,SINGLE,RANDOM PCR,VIRAL RNA,bat metagenome,ILLUMINA,2023-08-13T00:00:00Z,2023-07-15T00:04:00Z,1,Sample_Pool-281,SRP449640,PRJNA994658,2016,China,Asia,China,Metagenome or environmental,Taphozous sp.,not applicable,Pharyngeal and anal swab,,,,,,,,,,,,,,,,,,,,,,,,,,,,,,,,,,,,,,,,,,,,,,,,,,,,,,,,,,,,,,,,,,,,,,,,,,,,,,,,,,,,,,,,,,,,,,,,,,,,,,,
845,SRR25288797,OTHER,300,5010282300,SAMN36440379,1830748964,INSTITUTE OF PATHOGEN BIOLOGY CHINESE ACADEMY OF MEDICAL SCIENCES & PEKING UNION MEDICAL COLLEGE,public,"fastq,run.zq,sra","gs,ncbi,s3","gs.us-east1,ncbi.public,s3.us-east-1",SRX21032201,HiSeq X Ten,library_199,SINGLE,RANDOM PCR,VIRAL RNA,bat metagenome,ILLUMINA,2023-08-13T00:00:00Z,2023-07-15T00:04:00Z,1,Sample_Pool-199,SRP449640,PRJNA994658,2017,China,Asia,China,Metagenome or environmental,Hipposideros larvatus,not applicable,Pharyngeal and anal swab,,,,,,,,,,,,,,,,,,,,,,,,,,,,,,,,,,,,,,,,,,,,,,,,,,,,,,,,,,,,,,,,,,,,,,,,,,,,,,,,,,,,,,,,,,,,,,,,,,,,,,,
846,SRR25288802,OTHER,300,5273668500,SAMN36440374,2400097278,INSTITUTE OF PATHOGEN BIOLOGY CHINESE ACADEMY OF MEDICAL SCIENCES & PEKING UNION MEDICAL COLLEGE,public,"fastq,run.zq,sra","gs,ncbi,s3","gs.us-east1,ncbi.public,s3.us-east-1",SRX21032196,HiSeq X Ten,library_194,SINGLE,RANDOM PCR,VIRAL RNA,bat metagenome,ILLUMINA,2023-08-13T00:00:00Z,2023-07-15T00:05:00Z,1,Sample_Pool-194,SRP449640,PRJNA994658,2019,China,Asia,China,Metagenome or environmental,Hipposideros larvatus,not applicable,Pharyngeal and anal swab,,,,,,,,,,,,,,,,,,,,,,,,,,,,,,,,,,,,,,,,,,,,,,,,,,,,,,,,,,,,,,,,,,,,,,,,,,,,,,,,,,,,,,,,,,,,,,,,,,,,,,,
848,SRR25288808,OTHER,300,4070773500,SAMN36440369,1867311658,INSTITUTE OF PATHOGEN BIOLOGY CHINESE ACADEMY OF MEDICAL SCIENCES & PEKING UNION MEDICAL COLLEGE,public,"fastq,run.zq,sra","gs,ncbi,s3","gs.us-east1,ncbi.public,s3.us-east-1",SRX21032190,HiSeq X Ten,library_189,SINGLE,RANDOM PCR,VIRAL RNA,bat metagenome,ILLUMINA,2023-08-13T00:00:00Z,2023-07-15T00:04:00Z,1,Sample_Pool-189,SRP449640,PRJNA994658,2016,China,Asia,China,Metagenome or environmental,Hipposideros larvatus,not applicable,Pharyngeal and anal swab,,,,,,,,,,,,,,,,,,,,,,,,,,,,,,,,,,,,,,,,,,,,,,,,,,,,,,,,,,,,,,,,,,,,,,,,,,,,,,,,,,,,,,,,,,,,,,,,,,,,,,,
854,SRR25288834,OTHER,300,5994224100,SAMN36440293,2590917145,INSTITUTE OF PATHOGEN BIOLOGY CHINESE ACADEMY OF MEDICAL SCIENCES & PEKING UNION MEDICAL COLLEGE,public,"fastq,run.zq,sra","gs,ncbi,s3","gs.us-east1,ncbi.public,s3.us-east-1",SRX21032163,HiSeq X Ten,library_113,SINGLE,RANDOM PCR,VIRAL RNA,bat metagenome,ILLUMINA,2023-08-13T00:00:00Z,2023-07-15T00:05:00Z,1,Sample_Pool-113,SRP449640,PRJNA994658,2017,China,Asia,China,Metagenome or environmental,Rhinolophus macrotis,not applicable,Pharyngeal and anal swab,,,,,,,,,,,,,,,,,,,,,,,,,,,,,,,,,,,,,,,,,,,,,,,,,,,,,,,,,,,,,,,,,,,,,,,,,,,,,,,,,,,,,,,,,,,,,,,,,,,,,,,
856,SRR25288839,OTHER,300,4552050000,SAMN36440289,2000662282,INSTITUTE OF PATHOGEN BIOLOGY CHINESE ACADEMY OF MEDICAL SCIENCES & PEKING UNION MEDICAL COLLEGE,public,"fastq,run.zq,sra","gs,ncbi,s3","gs.us-east1,ncbi.public,s3.us-east-1",SRX21032158,HiSeq X Ten,library_109,SINGLE,RANDOM PCR,VIRAL RNA,bat metagenome,ILLUMINA,2023-08-13T00:00:00Z,2023-07-15T00:04:00Z,1,Sample_Pool-109,SRP449640,PRJNA994658,2016,China,Asia,China,Metagenome or environmental,Rhinolophus pearsonii,not applicable,Pharyngeal and anal swab,,,,,,,,,,,,,,,,,,,,,,,,,,,,,,,,,,,,,,,,,,,,,,,,,,,,,,,,,,,,,,,,,,,,,,,,,,,,,,,,,,,,,,,,,,,,,,,,,,,,,,,
858,SRR25288841,OTHER,300,5306045100,SAMN36440287,2284439497,INSTITUTE OF PATHOGEN BIOLOGY CHINESE ACADEMY OF MEDICAL SCIENCES & PEKING UNION MEDICAL COLLEGE,public,"fastq,run.zq,sra","gs,ncbi,s3","gs.us-east1,ncbi.public,s3.us-east-1",SRX21032156,HiSeq X Ten,library_107,SINGLE,RANDOM PCR,VIRAL RNA,bat metagenome,ILLUMINA,2023-08-13T00:00:00Z,2023-07-15T00:05:00Z,1,Sample_Pool-107,SRP449640,PRJNA994658,2016,China,Asia,China,Metagenome or environmental,Rhinolophus affinis,not applicable,Pharyngeal and anal swab,,,,,,,,,,,,,,,,,,,,,,,,,,,,,,,,,,,,,,,,,,,,,,,,,,,,,,,,,,,,,,,,,,,,,,,,,,,,,,,,,,,,,,,,,,,,,,,,,,,,,,,
860,SRR25288843,OTHER,300,4462581600,SAMN36440285,1940667468,INSTITUTE OF PATHOGEN BIOLOGY CHINESE ACADEMY OF MEDICAL SCIENCES & PEKING UNION MEDICAL COLLEGE,public,"fastq,run.zq,sra","gs,ncbi,s3","gs.us-east1,ncbi.public,s3.us-east-1",SRX21032154,HiSeq X Ten,library_105,SINGLE,RANDOM PCR,VIRAL RNA,bat metagenome,ILLUMINA,2023-08-13T00:00:00Z,2023-07-15T00:03:00Z,1,Sample_Pool-105,SRP449640,PRJNA994658,2019,China,Asia,China,Metagenome or environmental,Rhinolophus affinis,not applicable,Pharyngeal and anal swab,,,,,,,,,,,,,,,,,,,,,,,,,,,,,,,,,,,,,,,,,,,,,,,,,,,,,,,,,,,,,,,,,,,,,,,,,,,,,,,,,,,,,,,,,,,,,,,,,,,,,,,
863,SRR23263115,RNA-Seq,300,17347007400,SAMN32950952,5415686199,SUN YAT-SEN UNIVERSITY,public,"fastq,run.zq,sra","gs,ncbi,s3","gs.us-east1,ncbi.public,s3.us-east-1",SRX19207508,Illumina NovaSeq 6000,S18CXBatR30,PAIRED,RANDOM,TRANSCRIPTOMIC,whole organism metagenome,ILLUMINA,2023-01-28T00:00:00Z,2023-01-28T20:32:00Z,1,S18CXBatR30,SRP419879,PRJNA929070,2018,China,Asia,"China: Chuxiong\, Yunnan",Metagenome or environmental,Rhinolophus pusillus,25.0329 N 101.54615 E,rectum,,,,,,,,,,,,S18CXBatR30,,,,,,,,,,,,,,,,,,,,,,,,,,,,,,,,,,,,,,,,,,,,,,,,,,,,,,,,,,,,,,,,,,,,,,,,,,,,,,,,,,,,,,,,,,,
897,SRR23263149,RNA-Seq,285,14252519360,SAMN32950921,4745426724,SUN YAT-SEN UNIVERSITY,public,"fastq,run.zq,sra","gs,ncbi,s3","gs.us-east1,ncbi.public,s3.us-east-1",SRX19207474,Illumina NovaSeq 6000,S15ZKBatR29,PAIRED,RANDOM,TRANSCRIPTOMIC,whole organism metagenome,ILLUMINA,2023-01-28T00:00:00Z,2023-01-28T20:24:00Z,1,S15ZKBatR29,SRP419879,PRJNA929070,2015,China,Asia,"China: Zhenkang\, Yunnan",Metagenome or environmental,Hipposideros larvatus,23.76241 N 98.8255 E,rectum,,,,,,,,,,,,S15ZKBatR29,,,,,,,,,,,,,,,,,,,,,,,,,,,,,,,,,,,,,,,,,,,,,,,,,,,,,,,,,,,,,,,,,,,,,,,,,,,,,,,,,,,,,,,,,,,
1054,SRR13494274,OTHER,151,2364809792,SAMN17393234,975712639,UNIVERSITY OF ZURICH (UZH),public,"fastq,run.zq,sra","gs,ncbi,s3","gs.us-east1,ncbi.public,s3.us-east-1",SRX9906438,NextSeq 500,20191014.A-JKXVIII32,SINGLE,RANDOM,METAGENOMIC,bat metagenome,ILLUMINA,2021-01-21T00:00:00Z,2021-01-21T02:47:00Z,1,JKXVIII32,SRP302618,PRJNA693645,2019,Switzerland,Europe,Switzerland: Aargau,"MIMS.me,MIGS/MIMS/MIMARKS.host-associated",Myotis myotis,missing,,,,,,,,,,,,,,,feces colony 16,missing,missing,,,,,,,,,,,,,,,,,,,,,,,,,,,,,,,,,,,,,,,,,,,,,,,,,,,,,,,,,,,,,,,,,,,,,,,,,,,,,,,,,,,,,,,
1075,SRR13494363,OTHER,151,826219452,SAMN17393240,346779329,UNIVERSITY OF ZURICH (UZH),public,"fastq,run.zq,sra","gs,ncbi,s3","gs.us-east1,ncbi.public,s3.us-east-1",SRX9906349,NextSeq 500,20191014.A-JKXVIII38,SINGLE,RANDOM,METAGENOMIC,bat metagenome,ILLUMINA,2021-01-21T00:00:00Z,2021-01-21T02:42:00Z,1,JKXVIII38,SRP302618,PRJNA693645,2019,Switzerland,Europe,Switzerland: Solothurn,"MIMS.me,MIGS/MIMS/MIMARKS.host-associated",Myotis myotis,missing,,,,,,,,,,,,,,,feces colony 22,missing,missing,,,,,,,,,,,,,,,,,,,,,,,,,,,,,,,,,,,,,,,,,,,,,,,,,,,,,,,,,,,,,,,,,,,,,,,,,,,,,,,,,,,,,,,
1082,SRR13494422,OTHER,101,584544469,SAMN17393130,171885029,UNIVERSITY OF ZURICH (UZH),public,"fastq,run.zq,sra","gs,ncbi,s3","gs.us-east1,ncbi.public,s3.us-east-1",SRX9906290,Illumina NovaSeq 6000,20200131.A-Libraryp3103IH2_IH002_19,SINGLE,RANDOM,METAGENOMIC,bat metagenome,ILLUMINA,2021-01-21T00:00:00Z,2021-01-21T02:42:00Z,1,IH002_19,SRP302618,PRJNA693645,2019,Switzerland,Europe,Switzerland: Zurich,"MIMS.me,MIGS/MIMS/MIMARKS.host-associated",Myotis daubentonii,missing,,,,,,,,,,,,,,,feces pool,missing,missing,,,,,,,,,,,,,,,,,,,,,,,,,,,,,,,,,,,,,,,,,,,,,,,,,,,,,,,,,,,,,,,,,,,,,,,,,,,,,,,,,,,,,,,
1093,SRR13494442,OTHER,101,2873957424,SAMN17393112,807436937,UNIVERSITY OF ZURICH (UZH),public,"fastq,run.zq,sra","gs,ncbi,s3","gs.us-east1,ncbi.public,s3.us-east-1",SRX9906270,Illumina NovaSeq 6000,20200131.A-Libraryp3103IH2_IH002_01,SINGLE,RANDOM,METAGENOMIC,bat metagenome,ILLUMINA,2021-01-21T00:00:00Z,2021-01-21T02:49:00Z,1,IH002_01,SRP302618,PRJNA693645,2019,Switzerland,Europe,Switzerland: Jura,"MIMS.me,MIGS/MIMS/MIMARKS.host-associated",Myotis myotis,missing,,,,,,,,,,,,,,,feces colony 2,missing,missing,,,,,,,,,,,,,,,,,,,,,,,,,,,,,,,,,,,,,,,,,,,,,,,,,,,,,,,,,,,,,,,,,,,,,,,,,,,,,,,,,,,,,,,
1096,SRR13494287,OTHER,151,888037795,SAMN17393222,367481859,UNIVERSITY OF ZURICH (UZH),public,"fastq,run.zq,sra","gs,ncbi,s3","gs.us-east1,ncbi.public,s3.us-east-1",SRX9906425,NextSeq 500,20191014.A-JKXVIII20,SINGLE,RANDOM,METAGENOMIC,bat metagenome,ILLUMINA,2021-01-21T00:00:00Z,2021-01-21T02:43:00Z,1,JKXVIII20,SRP302618,PRJNA693645,2019,Switzerland,Europe,Switzerland: Luzern,"MIMS.me,MIGS/MIMS/MIMARKS.host-associated",Myotis myotis,missing,,,,,,,,,,,,,,,feces colony 4,missing,missing,,,,,,,,,,,,,,,,,,,,,,,,,,,,,,,,,,,,,,,,,,,,,,,,,,,,,,,,,,,,,,,,,,,,,,,,,,,,,,,,,,,,,,,
1106,SRR13494426,OTHER,101,1058244165,SAMN17393127,296232753,UNIVERSITY OF ZURICH (UZH),public,"fastq,run.zq,sra","gs,ncbi,s3","gs.us-east1,ncbi.public,s3.us-east-1",SRX9906286,Illumina NovaSeq 6000,20200131.A-Libraryp3103IH2_IH002_16,SINGLE,RANDOM,METAGENOMIC,bat metagenome,ILLUMINA,2021-01-21T00:00:00Z,2021-01-21T02:44:00Z,1,IH002_16,SRP302618,PRJNA693645,2019,Switzerland,Europe,Switzerland: Zurich,"MIMS.me,MIGS/MIMS/MIMARKS.host-associated",Pipistrellus pipistrellus,missing,,,,,,,,,,,,,,,feces pool,missing,missing,,,,,,,,,,,,,,,,,,,,,,,,,,,,,,,,,,,,,,,,,,,,,,,,,,,,,,,,,,,,,,,,,,,,,,,,,,,,,,,,,,,,,,,
1109,SRR13494437,OTHER,101,1533145761,SAMN17393117,429147269,UNIVERSITY OF ZURICH (UZH),public,"fastq,run.zq,sra","gs,ncbi,s3","gs.us-east1,ncbi.public,s3.us-east-1",SRX9906275,Illumina NovaSeq 6000,20200131.A-Libraryp3103IH2_IH002_06,SINGLE,RANDOM,METAGENOMIC,bat metagenome,ILLUMINA,2021-01-21T00:00:00Z,2021-01-21T02:44:00Z,1,IH002_06,SRP302618,PRJNA693645,2019,Switzerland,Europe,Switzerland: Aargau,"MIMS.me,MIGS/MIMS/MIMARKS.host-associated",Myotis nattereri,missing,,,,,,,,,,,,,,,feces colony,missing,missing,,,,,,,,,,,,,,,,,,,,,,,,,,,,,,,,,,,,,,,,,,,,,,,,,,,,,,,,,,,,,,,,,,,,,,,,,,,,,,,,,,,,,,,
1200,SRR5040912,WGS,302,605012002,SAMN05856738,377202954,KULEUVEN-VIRAL METAGENOMICS,public,"fastq,run.zq,sra","gs,ncbi,s3","gs.us-east1,ncbi.public,s3.us-east-1",SRX2364060,Illumina HiSeq 2500,Pool 2,PAIRED,RANDOM,METAGENOMIC,feces metagenome,ILLUMINA,2016-11-26T00:00:00Z,2016-11-21T11:06:00Z,1,Pool2 Eidolon helvum,SRP093601,PRJNA344863,2013/2014,Cameroon,Africa,Cameroon: Lysoka,"MIGS.vi,MIGS/MIMS/MIMARKS.host-associated",Eidolon helvum,not collected,,,,,,,,,,,,,,,,,,,,,,,,,,,,,,P2,,,,,Adult,male,,not applicable,not applicable,,,,,,,,,,Rural,Forest,Feces,3.0,,,,,,,,,,,,,,,,,,,,,,,,,,,,,,,,,,,,,,,,,,,,,,,,,,,,
1300,SRR19115554,OTHER,302,6287580204,SAMN28106607,1882308410,UNIVERSITY OF ZURICH (UZH),public,"fastq,run.zq,sra","gs,ncbi,s3","gs.us-east1,ncbi.public,s3.us-east-1",SRX15183249,Illumina NovaSeq 6000,LU20,PAIRED,RANDOM,METAGENOMIC,bat metagenome,ILLUMINA,2022-05-06T00:00:00Z,2022-05-06T03:57:00Z,1,LU-BF-18,SRP373899,PRJNA835632,2020,Switzerland,Europe,Switzerland,Metagenome or environmental,Myotis myotis,na,feces,,,,,,,,,,,,,,,,,,,,,,,,,,,,,,,,,,,,,,,,,,,,,,,,,,,,,,,,,,,,,,,,,,,,,,,,,,,,,,,,,,,,,,,,,,,,,,,,,,,,,,,
1301,SRR19115555,OTHER,302,5257445520,SAMN28106606,1596321463,UNIVERSITY OF ZURICH (UZH),public,"fastq,run.zq,sra","gs,ncbi,s3","gs.us-east1,ncbi.public,s3.us-east-1",SRX15183248,Illumina NovaSeq 6000,LU19,PAIRED,RANDOM,METAGENOMIC,bat metagenome,ILLUMINA,2022-05-06T00:00:00Z,2022-05-06T04:01:00Z,1,LU-BF-16,SRP373899,PRJNA835632,2019,Switzerland,Europe,Switzerland,Metagenome or environmental,Myotis myotis,na,feces,,,,,,,,,,,,,,,,,,,,,,,,,,,,,,,,,,,,,,,,,,,,,,,,,,,,,,,,,,,,,,,,,,,,,,,,,,,,,,,,,,,,,,,,,,,,,,,,,,,,,,,
1306,SRR19115560,OTHER,302,3753638634,SAMN28106601,1172516442,UNIVERSITY OF ZURICH (UZH),public,"fastq,run.zq,sra","gs,ncbi,s3","gs.us-east1,ncbi.public,s3.us-east-1",SRX15183243,Illumina NovaSeq 6000,AG19,PAIRED,RANDOM,METAGENOMIC,bat metagenome,ILLUMINA,2022-05-06T00:00:00Z,2022-05-06T03:58:00Z,1,AG-MW057-5,SRP373899,PRJNA835632,2019,Switzerland,Europe,Switzerland,Metagenome or environmental,Vespertilio murinus,na,feces,,,,,,,,,,,,,,,,,,,,,,,,,,,,,,,,,,,,,,,,,,,,,,,,,,,,,,,,,,,,,,,,,,,,,,,,,,,,,,,,,,,,,,,,,,,,,,,,,,,,,,,
1396,SRR7734086,AMPLICON,100,638082200,SAMN09873753,381309044,COLUMBIA UNIVERSITY,public,"fastq,run.zq,sra","gs,ncbi,s3","gs.us-east1,ncbi.public,s3.us-east-1",SRX4590503,Illumina HiSeq 2500,KSA_0435_ATCATA,SINGLE,RANDOM,METAGENOMIC,metagenome,ILLUMINA,2019-01-01T00:00:00Z,2018-08-21T21:31:00Z,1,KSA_0435,SRP158542,PRJNA487099,2014,Saudi Arabia,Asia,Saudi Arabia:Bisha,Metagenome or environmental,bat,19.9764 N 42.5902 E,rectal swab/fecal pellet,,,,,,,,,,,,,,,,,,,,,,,,,,,ATCATA,64.0,,,,,,,,,,,,,,,,,,,,,,,,,,,,,,,,,,,,,,,,,,,,,,,,,,,,,,,,,,,,,,,,,,,,,,,,,,,
1430,SRR7734120,AMPLICON,100,325158500,SAMN09873749,185093128,COLUMBIA UNIVERSITY,public,"fastq,run.zq,sra","gs,ncbi,s3","gs.us-east1,ncbi.public,s3.us-east-1",SRX4590469,Illumina HiSeq 2500,KSA_0430_CTCAAC,SINGLE,RANDOM,METAGENOMIC,metagenome,ILLUMINA,2019-01-01T00:00:00Z,2018-08-21T21:32:00Z,1,KSA_0430,SRP158542,PRJNA487099,2014,Saudi Arabia,Asia,Saudi Arabia:Bisha,Metagenome or environmental,bat,19.9764 N 42.5902 E,rectal swab/fecal pellet,,,,,,,,,,,,,,,,,,,,,,,,,,,CTCAAC,60.0,,,,,,,,,,,,,,,,,,,,,,,,,,,,,,,,,,,,,,,,,,,,,,,,,,,,,,,,,,,,,,,,,,,,,,,,,,,
1458,SRR7734148,AMPLICON,100,704123500,SAMN09873731,408097846,COLUMBIA UNIVERSITY,public,"fastq,run.zq,sra","gs,ncbi,s3","gs.us-east1,ncbi.public,s3.us-east-1",SRX4590441,Illumina HiSeq 2500,KSA_0412_TTGCGC,SINGLE,RANDOM,METAGENOMIC,metagenome,ILLUMINA,2019-01-01T00:00:00Z,2018-08-21T21:33:00Z,1,KSA_0412,SRP158542,PRJNA487099,2014,Saudi Arabia,Asia,Saudi Arabia:Bisha,Metagenome or environmental,bat,19.9764 N 42.5902 E,rectal swab/fecal pellet,,,,,,,,,,,,,,,,,,,,,,,,,,,TTGCGC,42.0,,,,,,,,,,,,,,,,,,,,,,,,,,,,,,,,,,,,,,,,,,,,,,,,,,,,,,,,,,,,,,,,,,,,,,,,,,,
4029,SRR28250118,RNA-Seq,298,1959892805,SAMN40259086,1304203593,BGI RESEARCH,public,"fastq,run.zq,sra","gs,ncbi,s3","gs.us-east1,ncbi.public,s3.us-east-1",SRX23861024,DNBSEQ-T7,LIB_BAT0738,PAIRED,RANDOM PCR,METATRANSCRIPTOMIC,metagenome,DNBSEQ,2024-03-07T00:00:00Z,2024-03-07T03:07:00Z,1,WIV_EA-BAT0738,SRP493777,PRJNA1083756,2015,Kenya,Africa,Kenya,Metagenome or environmental,Miniopterus sp. clade 10 TD-2020,0.28 S 35.27 E,BAT0738-Single feces,,,,,,,,,,,,,,,,,,,,,,,,,,,,,,,,,,,,,,,,,,,,,,,,,,,,,,,,,,,,,,,,,,,,,,,,,,,,,,,,,,,,,,,,,,,,,,,,,,,,,,,
4072,SRR28250161,RNA-Seq,299,4161870587,SAMN40258893,2843760473,BGI RESEARCH,public,"fastq,run.zq,sra","gs,ncbi,s3","gs.us-east1,ncbi.public,s3.us-east-1",SRX23860981,DNBSEQ-T7,LIB_BAT1597,PAIRED,RANDOM PCR,METATRANSCRIPTOMIC,metagenome,DNBSEQ,2024-03-07T00:00:00Z,2024-03-07T03:12:00Z,1,WIV_EA-BAT1597,SRP493777,PRJNA1083756,2015,Kenya,Africa,Kenya,Metagenome or environmental,Coleura afra,0.67 N 34.36 E,BAT1597-Single feces,,,,,,,,,,,,,,,,,,,,,,,,,,,,,,,,,,,,,,,,,,,,,,,,,,,,,,,,,,,,,,,,,,,,,,,,,,,,,,,,,,,,,,,,,,,,,,,,,,,,,,,
4111,SRR28250234,RNA-Seq,197,306911045,SAMN40259055,251429957,BGI RESEARCH,public,"fastq,run.zq,sra","gs,ncbi,s3","gs.us-east1,ncbi.public,s3.us-east-1",SRX23860909,DNBSEQ-T7,LIB_BAT784,PAIRED,RANDOM PCR,METATRANSCRIPTOMIC,metagenome,DNBSEQ,2024-03-07T00:00:00Z,2024-03-07T03:06:00Z,1,WIV_EA-BAT784,SRP493777,PRJNA1083756,2015,Kenya,Africa,Kenya,Metagenome or environmental,Miniopterus fuliginosus,0.28 S 35.27 E,BAT784-Single_feces,,,,,,,,,,,,,,,,,,,,,,,,,,,,,,,,,,,,,,,,,,,,,,,,,,,,,,,,,,,,,,,,,,,,,,,,,,,,,,,,,,,,,,,,,,,,,,,,,,,,,,,
4177,SRR28250300,RNA-Seq,298,5415339656,SAMN40258872,3444143800,BGI RESEARCH,public,"fastq,run.zq,sra","gs,ncbi,s3","gs.us-east1,ncbi.public,s3.us-east-1",SRX23860843,DNBSEQ-T7,LIB_BAT256,PAIRED,RANDOM PCR,METATRANSCRIPTOMIC,metagenome,DNBSEQ,2024-03-07T00:00:00Z,2024-03-07T03:11:00Z,1,WIV_EA-BAT256,SRP493777,PRJNA1083756,2015,Kenya,Africa,Kenya,Metagenome or environmental,Coleura afra,4.08 S 39.48 E,BAT256-Single feces,,,,,,,,,,,,,,,,,,,,,,,,,,,,,,,,,,,,,,,,,,,,,,,,,,,,,,,,,,,,,,,,,,,,,,,,,,,,,,,,,,,,,,,,,,,,,,,,,,,,,,,
4179,SRR28250302,RNA-Seq,299,11235318599,SAMN40259634,7320385348,BGI RESEARCH,public,"fastq,run.zq,sra","gs,ncbi,s3","gs.us-east1,ncbi.public,s3.us-east-1",SRX23860841,DNBSEQ-T7,LIB_BAT255,PAIRED,RANDOM PCR,METATRANSCRIPTOMIC,metagenome,DNBSEQ,2024-03-07T00:00:00Z,2024-03-07T03:19:00Z,1,WIV_EA-BAT255,SRP493777,PRJNA1083756,2015,Kenya,Africa,Kenya,Metagenome or environmental,Taphozous hildegardeae,4.08 S 39.48 E,BAT255-Single feces,,,,,,,,,,,,,,,,,,,,,,,,,,,,,,,,,,,,,,,,,,,,,,,,,,,,,,,,,,,,,,,,,,,,,,,,,,,,,,,,,,,,,,,,,,,,,,,,,,,,,,,
4251,SRR28250374,RNA-Seq,298,2845845611,SAMN40259141,1946427661,BGI RESEARCH,public,"fastq,run.zq,sra","gs,ncbi,s3","gs.us-east1,ncbi.public,s3.us-east-1",SRX23860769,DNBSEQ-T7,LIB_BAT1554,PAIRED,RANDOM PCR,METATRANSCRIPTOMIC,metagenome,DNBSEQ,2024-03-07T00:00:00Z,2024-03-07T03:10:00Z,1,WIV_EA-BAT1554,SRP493777,PRJNA1083756,2015,Kenya,Africa,Kenya,Metagenome or environmental,Mops condylurus,0.46 N 34.10 E,BAT1554-Single feces,,,,,,,,,,,,,,,,,,,,,,,,,,,,,,,,,,,,,,,,,,,,,,,,,,,,,,,,,,,,,,,,,,,,,,,,,,,,,,,,,,,,,,,,,,,,,,,,,,,,,,,
4253,SRR28250376,RNA-Seq,298,5321034103,SAMN40259140,3390280486,BGI RESEARCH,public,"fastq,run.zq,sra","gs,ncbi,s3","gs.us-east1,ncbi.public,s3.us-east-1",SRX23860767,DNBSEQ-T7,LIB_BAT1552,PAIRED,RANDOM PCR,METATRANSCRIPTOMIC,metagenome,DNBSEQ,2024-03-07T00:00:00Z,2024-03-07T03:14:00Z,1,WIV_EA-BAT1552,SRP493777,PRJNA1083756,2015,Kenya,Africa,Kenya,Metagenome or environmental,Mops condylurus,0.46 N 34.10 E,BAT1552-Single feces,,,,,,,,,,,,,,,,,,,,,,,,,,,,,,,,,,,,,,,,,,,,,,,,,,,,,,,,,,,,,,,,,,,,,,,,,,,,,,,,,,,,,,,,,,,,,,,,,,,,,,,
4257,SRR28250380,RNA-Seq,298,3029426582,SAMN40259137,1976102153,BGI RESEARCH,public,"fastq,run.zq,sra","gs,ncbi,s3","gs.us-east1,ncbi.public,s3.us-east-1",SRX23860763,DNBSEQ-T7,LIB_BAT1549,PAIRED,RANDOM PCR,METATRANSCRIPTOMIC,metagenome,DNBSEQ,2024-03-07T00:00:00Z,2024-03-07T03:10:00Z,1,WIV_EA-BAT1549,SRP493777,PRJNA1083756,2015,Kenya,Africa,Kenya,Metagenome or environmental,Mops condylurus,0.46 N 34.10 E,BAT1549-Single feces,,,,,,,,,,,,,,,,,,,,,,,,,,,,,,,,,,,,,,,,,,,,,,,,,,,,,,,,,,,,,,,,,,,,,,,,,,,,,,,,,,,,,,,,,,,,,,,,,,,,,,,
4361,SRR28250527,RNA-Seq,198,1500101584,SAMN40259061,1229770242,BGI RESEARCH,public,"fastq,run.zq,sra","gs,ncbi,s3","gs.us-east1,ncbi.public,s3.us-east-1",SRX23861211,DNBSEQ-T7,LIB_BAT3503,PAIRED,RANDOM PCR,METATRANSCRIPTOMIC,metagenome,DNBSEQ,2024-03-07T00:00:00Z,2024-03-07T03:08:00Z,1,WIV_EA-BAT3503,SRP493777,PRJNA1083756,2015,Kenya,Africa,Kenya,Metagenome or environmental,Miniopterus minor,0.25 S 36.05 E,BAT3503-Single_feces,,,,,,,,,,,,,,,,,,,,,,,,,,,,,,,,,,,,,,,,,,,,,,,,,,,,,,,,,,,,,,,,,,,,,,,,,,,,,,,,,,,,,,,,,,,,,,,,,,,,,,,
4366,SRR28250532,RNA-Seq,296,4957608304,SAMN40259064,2949678295,BGI RESEARCH,public,"fastq,run.zq,sra","gs,ncbi,s3","gs.us-east1,ncbi.public,s3.us-east-1",SRX23861206,DNBSEQ-T7,LIB_BAT3003,PAIRED,RANDOM PCR,METATRANSCRIPTOMIC,metagenome,DNBSEQ,2024-03-07T00:00:00Z,2024-03-07T03:12:00Z,1,WIV_EA-BAT3003,SRP493777,PRJNA1083756,2015,Kenya,Africa,Kenya,Metagenome or environmental,Miniopterus sp. B76,0.25 S 36.05 E,BAT3003-Single feces,,,,,,,,,,,,,,,,,,,,,,,,,,,,,,,,,,,,,,,,,,,,,,,,,,,,,,,,,,,,,,,,,,,,,,,,,,,,,,,,,,,,,,,,,,,,,,,,,,,,,,,
4371,SRR28250537,RNA-Seq,296,1107145671,SAMN40259085,694482647,BGI RESEARCH,public,"fastq,run.zq,sra","gs,ncbi,s3","gs.us-east1,ncbi.public,s3.us-east-1",SRX23861201,DNBSEQ-T7,LIB_BAT0736,PAIRED,RANDOM PCR,METATRANSCRIPTOMIC,metagenome,DNBSEQ,2024-03-07T00:00:00Z,2024-03-07T03:08:00Z,1,WIV_EA-BAT0736,SRP493777,PRJNA1083756,2015,Kenya,Africa,Kenya,Metagenome or environmental,Miniopterus sp. clade 10 TD-2020,0.28 S 35.27 E,BAT0736-Single feces,,,,,,,,,,,,,,,,,,,,,,,,,,,,,,,,,,,,,,,,,,,,,,,,,,,,,,,,,,,,,,,,,,,,,,,,,,,,,,,,,,,,,,,,,,,,,,,,,,,,,,,
4394,SRR28250560,RNA-Seq,299,1288179209,SAMN40259083,875443517,BGI RESEARCH,public,"fastq,run.zq,sra","gs,ncbi,s3","gs.us-east1,ncbi.public,s3.us-east-1",SRX23861178,DNBSEQ-T7,LIB_BAT0734,PAIRED,RANDOM PCR,METATRANSCRIPTOMIC,metagenome,DNBSEQ,2024-03-07T00:00:00Z,2024-03-07T03:08:00Z,1,WIV_EA-BAT0734,SRP493777,PRJNA1083756,2015,Kenya,Africa,Kenya,Metagenome or environmental,Miniopterus sp. clade 10 TD-2020,0.28 S 35.27 E,BAT0734-Single feces,,,,,,,,,,,,,,,,,,,,,,,,,,,,,,,,,,,,,,,,,,,,,,,,,,,,,,,,,,,,,,,,,,,,,,,,,,,,,,,,,,,,,,,,,,,,,,,,,,,,,,,
4436,SRR28250611,RNA-Seq,298,20930432571,SAMN40259602,13045642507,BGI RESEARCH,public,"fastq,run.zq,sra","gs,ncbi,s3","gs.us-east1,ncbi.public,s3.us-east-1",SRX23861128,DNBSEQ-T7,LIB_UGR87,PAIRED,RANDOM PCR,METATRANSCRIPTOMIC,metagenome,DNBSEQ,2024-03-07T00:00:00Z,2024-03-07T03:29:00Z,1,WIV_EA-UGR87,SRP493777,PRJNA1083756,2019,Uganda,Africa,Uganda,Metagenome or environmental,Rousettus aegyptiacus,0.98 N 31.08 E,UGR87-Mixed_feces,,,,,,,,,,,,,,,,,,,,,,,,,,,,,,,,,,,,,,,,,,,,,,,,,,,,,,,,,,,,,,,,,,,,,,,,,,,,,,,,,,,,,,,,,,,,,,,,,,,,,,,
4505,SRR28250680,RNA-Seq,298,3597336075,SAMN40259080,2302878813,BGI RESEARCH,public,"fastq,run.zq,sra","gs,ncbi,s3","gs.us-east1,ncbi.public,s3.us-east-1",SRX23861059,DNBSEQ-T7,LIB_BAT2999,PAIRED,RANDOM PCR,METATRANSCRIPTOMIC,metagenome,DNBSEQ,2024-03-07T00:00:00Z,2024-03-07T03:13:00Z,1,WIV_EA-BAT2999,SRP493777,PRJNA1083756,2015,Kenya,Africa,Kenya,Metagenome or environmental,Miniopterus sp. clade 1 TD-2020,0.25 S 36.05 E,BAT2999-Single feces,,,,,,,,,,,,,,,,,,,,,,,,,,,,,,,,,,,,,,,,,,,,,,,,,,,,,,,,,,,,,,,,,,,,,,,,,,,,,,,,,,,,,,,,,,,,,,,,,,,,,,,
4508,SRR28250683,RNA-Seq,297,2604762516,SAMN40259063,1574445970,BGI RESEARCH,public,"fastq,run.zq,sra","gs,ncbi,s3","gs.us-east1,ncbi.public,s3.us-east-1",SRX23861056,DNBSEQ-T7,LIB_BAT2996,PAIRED,RANDOM PCR,METATRANSCRIPTOMIC,metagenome,DNBSEQ,2024-03-07T00:00:00Z,2024-03-07T03:11:00Z,1,WIV_EA-BAT2996,SRP493777,PRJNA1083756,2015,Kenya,Africa,Kenya,Metagenome or environmental,Miniopterus sp. B76,0.25 S 36.05 E,BAT2996-Single feces,,,,,,,,,,,,,,,,,,,,,,,,,,,,,,,,,,,,,,,,,,,,,,,,,,,,,,,,,,,,,,,,,,,,,,,,,,,,,,,,,,,,,,,,,,,,,,,,,,,,,,,
4517,SRR28250692,RNA-Seq,297,3426120509,SAMN40259073,2118575431,BGI RESEARCH,public,"fastq,run.zq,sra","gs,ncbi,s3","gs.us-east1,ncbi.public,s3.us-east-1",SRX23861047,DNBSEQ-T7,LIB_BAT2988,PAIRED,RANDOM PCR,METATRANSCRIPTOMIC,metagenome,DNBSEQ,2024-03-07T00:00:00Z,2024-03-07T03:13:00Z,1,WIV_EA-BAT2988,SRP493777,PRJNA1083756,2015,Kenya,Africa,Kenya,Metagenome or environmental,Miniopterus sp. clade 1 TD-2020,0.25 S 36.05 E,BAT2988-Single feces,,,,,,,,,,,,,,,,,,,,,,,,,,,,,,,,,,,,,,,,,,,,,,,,,,,,,,,,,,,,,,,,,,,,,,,,,,,,,,,,,,,,,,,,,,,,,,,,,,,,,,,
4538,SRR28250713,RNA-Seq,295,14969290933,SAMN40259440,9899035905,BGI RESEARCH,public,"fastq,run.zq,sra","gs,ncbi,s3","gs.us-east1,ncbi.public,s3.us-east-1",SRX23861621,DNBSEQ-T7,LIB_UV32,PAIRED,RANDOM PCR,METATRANSCRIPTOMIC,metagenome,DNBSEQ,2024-03-07T00:00:00Z,2024-03-07T03:30:00Z,1,WIV_EA-UV32,SRP493777,PRJNA1083756,2018,Uganda,Africa,Uganda,Metagenome or environmental,Rousettus aegyptiacus,0.16 S 30.02 E,UV32-Mixed_feces,,,,,,,,,,,,,,,,,,,,,,,,,,,,,,,,,,,,,,,,,,,,,,,,,,,,,,,,,,,,,,,,,,,,,,,,,,,,,,,,,,,,,,,,,,,,,,,,,,,,,,,
4617,SRR28250862,RNA-Seq,297,628042915,SAMN40258967,394929857,BGI RESEARCH,public,"fastq,run.zq,sra","gs,ncbi,s3","gs.us-east1,ncbi.public,s3.us-east-1",SRX23861470,DNBSEQ-T7,LIB_BAT1048,PAIRED,RANDOM PCR,METATRANSCRIPTOMIC,metagenome,DNBSEQ,2024-03-07T00:00:00Z,2024-03-07T03:19:00Z,1,WIV_EA-BAT1048,SRP493777,PRJNA1083756,2015,Kenya,Africa,Kenya,Metagenome or environmental,Eidolon helvum,0.68 S 34.78 E,BAT1048-Single feces,,,,,,,,,,,,,,,,,,,,,,,,,,,,,,,,,,,,,,,,,,,,,,,,,,,,,,,,,,,,,,,,,,,,,,,,,,,,,,,,,,,,,,,,,,,,,,,,,,,,,,,
4643,SRR28250888,RNA-Seq,299,8446609858,SAMN40258880,5532514188,BGI RESEARCH,public,"fastq,run.zq,sra","gs,ncbi,s3","gs.us-east1,ncbi.public,s3.us-east-1",SRX23861444,DNBSEQ-T7,LIB_BAT273,PAIRED,RANDOM PCR,METATRANSCRIPTOMIC,metagenome,DNBSEQ,2024-03-07T00:00:00Z,2024-03-07T03:25:00Z,1,WIV_EA-BAT273,SRP493777,PRJNA1083756,2015,Kenya,Africa,Kenya,Metagenome or environmental,Coleura afra,4.08 S 39.48 E,BAT273-Single feces,,,,,,,,,,,,,,,,,,,,,,,,,,,,,,,,,,,,,,,,,,,,,,,,,,,,,,,,,,,,,,,,,,,,,,,,,,,,,,,,,,,,,,,,,,,,,,,,,,,,,,,
4699,SRR28250944,RNA-Seq,296,1660832541,SAMN40259089,1055677929,BGI RESEARCH,public,"fastq,run.zq,sra","gs,ncbi,s3","gs.us-east1,ncbi.public,s3.us-east-1",SRX23861388,DNBSEQ-T7,LIB_BAT0741,PAIRED,RANDOM PCR,METATRANSCRIPTOMIC,metagenome,DNBSEQ,2024-03-07T00:00:00Z,2024-03-07T03:19:00Z,1,WIV_EA-BAT0741,SRP493777,PRJNA1083756,2015,Kenya,Africa,Kenya,Metagenome or environmental,Miniopterus sp. clade 10 TD-2020,0.28 S 35.27 E,BAT0741-Single feces,,,,,,,,,,,,,,,,,,,,,,,,,,,,,,,,,,,,,,,,,,,,,,,,,,,,,,,,,,,,,,,,,,,,,,,,,,,,,,,,,,,,,,,,,,,,,,,,,,,,,,,
4725,SRR28250970,RNA-Seq,297,8606908315,SAMN40259126,5418286293,BGI RESEARCH,public,"fastq,run.zq,sra","gs,ncbi,s3","gs.us-east1,ncbi.public,s3.us-east-1",SRX23861362,DNBSEQ-T7,LIB_BAT1537,PAIRED,RANDOM PCR,METATRANSCRIPTOMIC,metagenome,DNBSEQ,2024-03-07T00:00:00Z,2024-03-07T03:36:00Z,1,WIV_EA-BAT1537,SRP493777,PRJNA1083756,2015,Kenya,Africa,Kenya,Metagenome or environmental,Mops condylurus,0.46 N 34.10 E,BAT1537-Single feces,,,,,,,,,,,,,,,,,,,,,,,,,,,,,,,,,,,,,,,,,,,,,,,,,,,,,,,,,,,,,,,,,,,,,,,,,,,,,,,,,,,,,,,,,,,,,,,,,,,,,,,
